HABITAT NAME,mangrove_2,,,
,,,,
HABITAT ONLY PROPERTIES,,,,
,Rating,DQ,Weight,E/C
recruitment rate,1,2,2,C
natural mortality rate,3,2,2,C
connectivity rate,2,2,2,C
recovery time,2,2,2,C
,,,,
HABITAT STRESSOR OVERLAP PROPERTIES,,,,
,,,,
mangrove_2/agrun_cur_7 OVERLAP,,,,
,Rating,DQ,Weight,E/C
frequency of disturbance,2,2,2,C
change in area rating,1,2,2,C
change in structure rating,1,2,2,C
temporal overlap rating,3,2,2,E
management effectiveness,2,2,2,E
intensity rating,2,2,2,E
,,,,
mangrove_2/aqua_cur_4 OVERLAP,,,,
,Rating,DQ,Weight,E/C
frequency of disturbance,2,2,2,C
change in area rating,2,2,2,C
change in structure rating,2,2,2,C
temporal overlap rating,2,2,2,E
management effectiveness,2,2,2,E
intensity rating,2,2,2,E
,,,,
mangrove_2/dev_cur_3 OVERLAP,,,,
,Rating,DQ,Weight,E/C
frequency of disturbance,2,2,2,C
change in area rating,2,2,2,C
change in structure rating,2,2,2,C
temporal overlap rating,3,2,2,E
management effectiveness,2,2,2,E
intensity rating,2,2,2,E
,,,,
mangrove_2/dredg_cur_6 OVERLAP,,,,
,Rating,DQ,Weight,E/C
frequency of disturbance,2,2,2,C
change in area rating,1,2,2,C
change in structure rating,1,2,2,C
temporal overlap rating,2,2,2,E
management effectiveness,2,2,2,E
intensity rating,2,2,2,E
,,,,
mangrove_2/fish_cur_1 OVERLAP,,,,
,Rating,DQ,Weight,E/C
frequency of disturbance,1,2,2,C
change in area rating,1,2,2,C
change in structure rating,1,2,2,C
temporal overlap rating,1,2,2,E
management effectiveness,2,2,2,E
intensity rating,1,2,2,E
,,,,
mangrove_2/oil_cur_8 OVERLAP,,,,
,Rating,DQ,Weight,E/C
frequency of disturbance,3,2,2,C
change in area rating,2,2,2,C
change in structure rating,2,2,2,C
temporal overlap rating,2,2,2,E
management effectiveness,2,2,2,E
intensity rating,2,2,2,E
,,,,
mangrove_2/rec_cur_5 OVERLAP,,,,
,Rating,DQ,Weight,E/C
frequency of disturbance,1,2,2,C
change in area rating,1,2,2,C
change in structure rating,1,2,2,C
temporal overlap rating,1,2,2,E
management effectiveness,2,2,2,E
intensity rating,2,2,2,E
,,,,
mangrove_2/trans_cur_2 OVERLAP,,,,
,Rating,DQ,Weight,E/C
frequency of disturbance,1,2,2,C
change in area rating,1,2,2,C
change in structure rating,1,2,2,C
temporal overlap rating,1,2,2,E
management effectiveness,2,2,2,E
intensity rating,2,2,2,E
