<?xml version="1.0" encoding="UTF-8"?>
<metadata xml:lang="en"><Esri><CreaDate>20140523</CreaDate><CreaTime>09524200</CreaTime><ArcGISFormat>1.0</ArcGISFormat><SyncOnce>TRUE</SyncOnce><DataProperties><lineage><Process ToolSource="C:\Program Files\ArcGIS\Desktop10.0\ArcToolbox\Toolboxes\Data Management Tools.tbx\AddField" Date="20120419" Time="131243">AddField HRA_National_AOI VALUE SHORT 0 0 # # NON_NULLABLE NON_REQUIRED #</Process><Process ToolSource="C:\Program Files\ArcGIS\Desktop10.0\ArcToolbox\Toolboxes\Data Management Tools.tbx\CalculateField" Date="20120419" Time="131243">CalculateField HRA_National_AOI VALUE 1 VB #</Process><Process ToolSource="C:\Program Files\ArcGIS\Desktop10.0\ArcToolbox\Toolboxes\Data Management Tools.tbx\DeleteField" Date="20120514" Time="125847">DeleteField C:\InVEST21\Belize\NationalRuns\HRA_All_AOI.shp VALUE</Process><Process ToolSource="C:\Program Files\ArcGIS\Desktop10.0\ArcToolbox\Toolboxes\Data Management Tools.tbx\AddField" Date="20120514" Time="125848">AddField C:\InVEST21\Belize\NationalRuns\HRA_All_AOI.shp VALUE SHORT 0 0 # # NON_NULLABLE NON_REQUIRED #</Process><Process ToolSource="C:\Program Files\ArcGIS\Desktop10.0\ArcToolbox\Toolboxes\Data Management Tools.tbx\CalculateField" Date="20120514" Time="125848">CalculateField C:\InVEST21\Belize\NationalRuns\HRA_All_AOI.shp VALUE 1 VB #</Process><Process ToolSource="C:\Program Files\ArcGIS\Desktop10.0\ArcToolbox\Toolboxes\Data Management Tools.tbx\DeleteField" Date="20120903" Time="092329">DeleteField HRA_All_AOI VALUE</Process><Process ToolSource="C:\Program Files\ArcGIS\Desktop10.0\ArcToolbox\Toolboxes\Data Management Tools.tbx\AddField" Date="20120903" Time="092329">AddField HRA_All_AOI VALUE SHORT 0 0 # # NON_NULLABLE NON_REQUIRED #</Process><Process ToolSource="C:\Program Files\ArcGIS\Desktop10.0\ArcToolbox\Toolboxes\Data Management Tools.tbx\CalculateField" Date="20120903" Time="092330">CalculateField HRA_All_AOI VALUE 1 VB #</Process></lineage><itemProps><itemLocation><linkage Sync="TRUE">file://\\NCP-VERUTES\C$\InVEST_3_0_1_x86\_Belize\OverlapAnalysis\HRA_All_AOI</linkage><protocol Sync="TRUE">Local Area Network</protocol></itemLocation></itemProps><copyHistory><copy source="C:\InVEST21\Belize\NationalRuns\Early2012\HRA\HRA_All_AOI" dest="\\NCP-VERUTES\C$\InVEST_3_0_1_x86\_Belize\OverlapAnalysis\HRA_All_AOI" date="20140523" time="09524200"></copy></copyHistory></DataProperties></Esri></metadata>
