<?xml version="1.0" encoding="UTF-8"?>
<metadata xml:lang="en"><Esri><CreaDate>20150506</CreaDate><CreaTime>11110600</CreaTime><ArcGISFormat>1.0</ArcGISFormat><SyncOnce>TRUE</SyncOnce><DataProperties><lineage><Process ToolSource="C:\Program Files\ArcGIS\Desktop10.0\ArcToolbox\Toolboxes\Data Management Tools.tbx\AddField" Date="20120118" Time="133043">AddField cpregions VALUE SHORT 0 0 # # NON_NULLABLE NON_REQUIRED #</Process><Process ToolSource="C:\Program Files\ArcGIS\Desktop10.0\ArcToolbox\Toolboxes\Data Management Tools.tbx\CalculateField" Date="20120118" Time="133043">CalculateField cpregions VALUE 1 VB #</Process><Process ToolSource="C:\Program Files\ArcGIS\Desktop10.0\ArcToolbox\Toolboxes\Data Management Tools.tbx\DeleteField" Date="20120118" Time="133411">DeleteField cpregions VALUE</Process><Process ToolSource="C:\Program Files\ArcGIS\Desktop10.0\ArcToolbox\Toolboxes\Data Management Tools.tbx\AddField" Date="20120118" Time="133411">AddField cpregions VALUE SHORT 0 0 # # NON_NULLABLE NON_REQUIRED #</Process><Process ToolSource="C:\Program Files\ArcGIS\Desktop10.0\ArcToolbox\Toolboxes\Data Management Tools.tbx\CalculateField" Date="20120118" Time="133411">CalculateField cpregions VALUE 1 VB #</Process><Process ToolSource="C:\Program Files\ArcGIS\Desktop10.0\ArcToolbox\Toolboxes\Data Management Tools.tbx\CalculateField" Date="20120202" Time="214536">CalculateField cp_offshore NAME "Northern" VB #</Process><Process ToolSource="C:\Program Files\ArcGIS\Desktop10.0\ArcToolbox\Toolboxes\Data Management Tools.tbx\CalculateField" Date="20120202" Time="214550">CalculateField cp_offshore NAME "Belize City Cayes" VB #</Process><Process ToolSource="C:\Program Files\ArcGIS\Desktop10.0\ArcToolbox\Toolboxes\Data Management Tools.tbx\CalculateField" Date="20120202" Time="214606">CalculateField cp_offshore NAME "Dangriga/Tobacco Caye" VB #</Process><Process ToolSource="C:\Program Files\ArcGIS\Desktop10.0\ArcToolbox\Toolboxes\Data Management Tools.tbx\CalculateField" Date="20120202" Time="214618">CalculateField cp_offshore NAME "Placencia/Laughing Brid Caye" VB #</Process><Process ToolSource="C:\Program Files\ArcGIS\Desktop10.0\ArcToolbox\Toolboxes\Data Management Tools.tbx\CalculateField" Date="20120202" Time="214629">CalculateField cp_offshore NAME "Southern" VB #</Process><Process ToolSource="C:\Program Files\ArcGIS\Desktop10.0\ArcToolbox\Toolboxes\Data Management Tools.tbx\CalculateField" Date="20120202" Time="214710">CalculateField cp_offshore REGION3B_I 4 VB #</Process><Process ToolSource="C:\Program Files\ArcGIS\Desktop10.0\ArcToolbox\Toolboxes\Data Management Tools.tbx\CalculateField" Date="20120202" Time="214720">CalculateField cp_offshore REGION3B_I 7 VB #</Process><Process ToolSource="C:\Program Files\ArcGIS\Desktop10.0\ArcToolbox\Toolboxes\Data Management Tools.tbx\CalculateField" Date="20120202" Time="214728">CalculateField cp_offshore REGION3B_I 1 VB #</Process><Process ToolSource="C:\Program Files\ArcGIS\Desktop10.0\ArcToolbox\Toolboxes\Data Management Tools.tbx\CalculateField" Date="20120202" Time="214732">CalculateField cp_offshore REGION3B_I 8 VB #</Process><Process ToolSource="C:\Program Files\ArcGIS\Desktop10.0\ArcToolbox\Toolboxes\Data Management Tools.tbx\CalculateField" Date="20120202" Time="214737">CalculateField cp_offshore REGION3B_I 9 VB #</Process><Process ToolSource="C:\Program Files\ArcGIS\Desktop10.0\ArcToolbox\Toolboxes\Data Management Tools.tbx\CalculateField" Date="20120202" Time="221437">CalculateField cp_regions_3kmBuffer REGION3B_I 8 VB #</Process><Process ToolSource="C:\Program Files\ArcGIS\Desktop10.0\ArcToolbox\Toolboxes\Data Management Tools.tbx\CalculateField" Date="20120202" Time="221518">CalculateField cp_regions_3kmBuffer NAME "Placencia/Laughing Brid Caye" VB #</Process><Process ToolSource="C:\Program Files\ArcGIS\Desktop10.0\ArcToolbox\Toolboxes\Data Management Tools.tbx\CalculateField" Date="20120202" Time="222309">CalculateField cp_regions_3kmBuffer REGION3B_I 4 VB #</Process><Process ToolSource="C:\Program Files\ArcGIS\Desktop10.0\ArcToolbox\Toolboxes\Data Management Tools.tbx\CalculateField" Date="20120309" Time="123933">CalculateField "Coastal Planning Regions" NAME "Placencia/Laughing Bird Caye" VB #</Process><Process ToolSource="C:\Program Files\ArcGIS\Desktop10.0\ArcToolbox\Toolboxes\Data Management Tools.tbx\CalculateField" Date="20140325" Time="212806">CalculateField subregions ID [FID]+1 VB #</Process><Process ToolSource="C:\Program Files\ArcGIS\Desktop10.0\ArcToolbox\Toolboxes\Data Management Tools.tbx\CalculateField" Date="20140325" Time="212828">CalculateField subregions ID [FID] VB #</Process><Process ToolSource="C:\Program Files\ArcGIS\Desktop10.0\ArcToolbox\Toolboxes\Data Management Tools.tbx\CalculateField" Date="20140325" Time="215407">CalculateField subregions NAME "Placencia_Laughing Bird Caye" VB #</Process><Process ToolSource="C:\Program Files\ArcGIS\Desktop10.0\ArcToolbox\Toolboxes\Data Management Tools.tbx\CalculateField" Date="20140325" Time="215421">CalculateField subregions NAME "Dangriga_Tobacco Caye" VB #</Process></lineage><itemProps><itemLocation><linkage Sync="TRUE">file://\\NCP-VERUTES\C$\InVEST21\Belize\BelizeToolbox\MSP\sample_data\2_area_human_use\subregions</linkage><protocol Sync="TRUE">Local Area Network</protocol></itemLocation></itemProps><copyHistory><copy source="C:\InVEST_3_0_1_x86\_Belize\HRA\Input\subregions" dest="\\NCP-VERUTES\C$\InVEST21\Belize\BelizeToolbox\MSP\sample_data\2_area_human_use\subregions" date="20150506" time="11110600"></copy></copyHistory></DataProperties></Esri></metadata>
