﻿<?xml version="1.0" encoding="utf-8"?><bwFonts xmlns:xsi="http://www.w3.org/2001/XMLSchema-instance" xmlns:xsd="http://www.w3.org/2001/XMLSchema" fontfactoryurl="story_content/FontFactory.swf"><font id="00" name="Open SansBold Charset1 6CHPTYtFNJh"><glyphs><g i="0" c="384" p="#^DP$v%jL$v%UIDmMI7mrIzk6I_i3Isi$H6jIHzkpH0mfHEm%RE$v%yA$v%$v9e%Jz9e%$BUnBCAqSCzsXCSrcDpqtDYoID8o%iG9e%TJ9e%tM8oEMPoUMcq9NAriNzspNCrGNbqYNMoaOUn%rQ9e%aU9e" /><g i="1" c="385" p="#^VA8pVAarABdsfCgtLDgteFgtUFesyGbryG8pyG6nTF6mdF5lJD5leC5lzB6mVA6nVA8p^mK8pmKusBInuRGfwIDfwKBfweAovKywuWxVs6xir6x8p6xOlSyYjCA5iMD5iKF5ieHYiKIOjyJplmK$mmK8p" /><g i="2" c="386" p="#^DH$v%7Hfu%WGfukGcvdFKv7EfwJCfwjAfw5zZuTxGtTxfr%Txmi%BBmi%BBkqBBNr6CxsEChtODhtmFht2GesLGbrLGMo%LGmi%uKmi%uK$v" /><g i="3" c="387" p="%^GB$vYx$vYx$cGB$c" /><g i="4" c="388" p="#^gCfwSzfwuynu6xvs6xbp6xQlvyZjVz5inC5iYE5iiG5k%qG5k8Gzi8Gmh%8G$c%TJ$c%TJ$v%0H$v%iGeu%8GeuTEfwgCfw^ADht$EhtGFsslGCrpGDp%pGdppG0nJF4m2F7lwD7lgC7lABbmUAenUAfpUAgrABhshChtADht" /><g i="5" c="389" p="#" /><g i="6" c="390" p="#^$vmi%3Ami%EC1qZC1r5Dos%aDosiD8rHD1q%dGmi%dKmi%rEKxEDTzaCXAIA$BKy$BNx$BRwNB%RwQywx$yjy$yiz$y1AoyNANxbBzw%pBVv" /><g i="7" c="391" p="#^NxPeNx$cPz$cRB$cRBPeRBHfkBagQAFgPzFgNxFgNxPe^GB$v%Yx$v%Yxmi%GBmi" /><g i="8" c="392" p="%^wBAo8DvmZGmi9LmiLFgovL$vcH$vgDtqGBLrGB$vYx$vYx$cGB$cGBtltBAo" /><g i="9" c="393" p="#^BDLkpCLkKBvl4BemZADn%bGDnaGemtFvlNELkBDLk^7EfwQAfwZyru6xCs6xgp6xQlQyZjyA5iAD5itG5i4ILjHJolHJio%HJ6q%UA6qYAHrQBBsICutiEutwFutCGetJHZsWIps%WIhvXHMvQG$vJFfw7Efw" /><g i="10" c="394" p="#^IDhtGEht2GRs%2GDvFEfwDCfwoAfwmz6vlyZtlyKr%ly9l%zw9l%zwAj%Dyki%Hzsf%4Csf%4Cmi%VFmi%VF9l%4C9l%4CJr4CwswCVsZChtIDht" /><g i="11" c="395" p="#^zF5ikG5iQGci%yGHl5GzlsFzlFDzlFCumGBonGB2p%GB$v%Yx$v%Yxmi%MAmi%jBEk%vBEk8CujdDOiiE5izF5i" /><g i="12" c="396" p="#^tHYrtH2u$F9vyEfwEBfw9Afw6z2w3yRv8xsv%8xnsaySstzctNAxtMBxtNDxtNDlsNDVrwDErfDmrBC0rXBGqQAcqgzypwy_oNxqorxIn6xZm6xVl6x4kwy5jXz5iwC5i_E5ijH9j%bGSlaFplhE8loDSksCSkPASkPALlPAfmlBDmTB_mGDIngFlo$FVoLGtp6HcqtHXqtHYr" /><g i="13" c="397" p="#^9K$v%rG$v%rG1orGxmXFPlsF4loE4lZC4ljC7mGBanGBAp%GB$v%Yx$v%Yxmi%OAmi%iB5k%vB5k1C9j4DDi7E5itF5ixI5iCJ5k%XJ5kvK8jzLDiDM5iZN5iiQ5iuRhjGStkGS5n%GS$v%XO$v%XO1oXOxmrOPlYN4lUM4lwL4lQK2m9K0n9K8p" /><g i="14" c="398" p="%^aJ$v7IdrIGblCGbl7E$v7A$vewmiYzmiwBoo#VB0qiCTsmCTs#qCXrOCWp_CUoGEmiNIminKUo#qK9pxKHp#EKcqKKOq#QKorVKZr#_Kxs$KTs4LTs#bL_rtLsq#LLWoTLoovNmi9RmidN$v" /><g i="15" c="399" p="#^yK$v%QG$v%QG1oQG4lDE4l3D4lmC8mGBbnGBAp%GB$v%Yx$v%Yx$c%GB$c%GBSgGBjhAB_i%vB5k%HB5kXC5iFF5i3I5iiJojyKGkyK5n" /><g i="16" c="400" p="#^vF9l%gC9l%gC$v%yy$v%yy9l%vw9l%vwmj%yymi%yylhyy0fHzYdRATcnDTciFTcOGrd%RFagJEQfMDQf_CQfDCiggCMggCvh%gCmi%vFmi" /><g i="17" c="401" p="#^vF9l%gC9l%gC$v%yy$v%yy9l%vw9l%vwmj%yymi%yylhyy0fHzYdRATcnDTciFTcOGrd%RFagJEQfMDQf_CQfDCiggCMggCvh%gCmi%vFmi^bP9l%YL9l%YL$v%eI$v%eI9l%bG9l%bGmj%eImi%eIlheI0fnJYdxKTc3NTc_OTcuQrd%xPagpOQfsNQfGMQfjMigYLMgYLvh%YLmi%bPmi" /><g i="18" c="403" p="#^mz4q%mzapmz$nSz8nmAgmHBhlZCmknDOjNDdjNDwiNDJhcDjhDCUgzBUgKzUgox4i%3wpfNyUdRBUdlEUdQF5fjHigjHjijHFjIGEk5GCloEQmdDInVC9oBCCoBClp%BC4q^ZyfuZydtwzIs3Aas7Bas7CasGCIseDeteDfueDcvGCMv7Ckw7Bkw5AkwxzNvZyevZyfu" /><g i="19" c="404" p="%^ODvlwH9eBL9eGF2pGF$vVB$vVBap_v9e5A9e" /><g i="20" c="405" p="#^uDfw6xfw6xfp6xMlRyXjAA5iPD5ibG5i4I0j%ZGUl5GxlkFjlAE5lPD5lVA5lVAdpVAetPDetUEetPFYsKGFsEH2s%EHevKGOvPF0wUEfwuDfw" /><g i="21" c="406" p="#^rFfw1DfwGBvu%tBvuGBcwGBtw%GB$B%Yx$B%Yxmi%ZAmi%vB6k%GB6k_C5iyF5iYH5ikJZjIKQlIK8pIKkr3KYsqJzueIpv2HfwrFfw^lE4lZC4lkCWlHBMmGBJo%GB7pGBkrkChs_CetoEetVGetVG5pVG4nhG4mGF4llE4l" /><g i="22" c="407" p="#^BDkt0FktGFwslGIrpGGp%pGdppG0nJF4m2F7lyD7lVA7lVAfpVAirzBjsdCktBDkt^gCfwSzfwuyou6xws6xbp6xRlvyZjVz5ilC5iED5iBEAizF3jiG5k%pG5k%KGmi%TJmi%TJ$B%8G$B%8Ghw8GxviGeu%8GeuyFdvyEKvzDfwgCfw" /><g i="23" c="408" p="#^yK$v%QG$v%QG1oQGxmiGPlNF4lDE4l3D4lmC7mGB9nGBAp%GB$v%Yx$v%Yxmi%OAmi%iB5k%vB5k7C5jdDBijE5iIF5i4I5ijJnjyKFkyK5n" /><g i="24" c="409" p="#^yF5iYH5ikJ_jIKSlIK8pIKxshJouTHfwrFfw1DfwGBvu%pBvu%OA$v%Yx$v%Yx$c%GB$c%GBqhGBfiwB6k%GB6kZC5iyF5i^lE4lZC4lkCWlHBMmGBJo%GB7pGBkrkChs_CetoEetyFetdGasVG6rVG5pVG4ndG4mxF4llE4l" /><g i="25" c="410" p="#^QJli%QJdk%HHNkhIHlhIRmhI1pKGgqcFvruCvr%PBsr%gBorHAQrHAnsHAatLCat%3FatjHatuI8uGJ5vGJZwGJmzGHGAGF$BXB$B4z$Bzx$A3w$z3wdy3w_wQw9wCxkv5zZuwyJu5yauGxCtGx_sGxds6yIrzyarqzGqlycqJxbp5x9o5xMm5xxkyyjj$z5iHC5igD5i2EbiREhi3Fli^hzWxhzHy0A7zMAAz5CAz5EAzeF0znGtynGwxnGLwIFsw1FawDDaw%HBawGAawZzEwhz7xhzWx^EAPmEAXn8BBoFBepHCepLDepeEBoJEXnJEPmJEmkHCmkEAmkEAPm" /><g i="26" c="411" p="#^qxfuqxdtZxIswyaszzasAAas7BIsHBetHBfuHBcv7BMvzAkwzzkwyykw_xNvqxevqxfu" /><g i="27" c="412" p="%^wI$vey$vey9ewI9ewIfh0Cfh0Cal3Ial3Igo0Cgo0CTswITs" /><g i="28" c="413" p="#^CG$v%UF8u%NF8uREjvRDNvSCfwgBfwizfway7v2x$t2xWr2xLpzyJo4AHn8DAn%vFwn%vFVmvFRkoDRkLBRkyzQl%jyjjGA4ixD4ihG4iKHhjcJtkcJVm%cJ$v^vFHp%3EKpsCNpFBjqSARqSAYrSAxtGCxtYDxtJENsvF1svFOq" /><g i="29" c="414" p="#^vF9l%gC9l%gC$v%yy$v%yy9l%vw9l%vwmj%yymi%yylhyy0fHzYdRATcnDTciFTcOGrd%RFagJEQfMDQf_CQfDCiggCMggCvh%gCmi%vFmi^tHPetH$cvJ$cxL$cxLPexLHf0LagwKFgvJFgtHFgtHPe^mL$v%EH$v%EHmi%mLmi" /><g i="30" c="415" p="#^qxfuqxdtZxIswyaszzasAAas7BIsHBetHBfuHBcv7BMvzAkwzzkwyykw_xNvqxevqxfu^qxakqx8jZxDiwy5izz5iAA5i7BDiHB9jHBakHB9l7BIlzAfmzzfmyyfm_xJlqxalqxak" /><g i="31" c="418" p="%^bB$v$vmiUzmiwC7q#ZCBr4DWs8DWs#cDLrHD7qjGmidKmi0F$v" /><g i="32" c="419" p="#^qxfuqxdtZxIswyaszzasAAas7BIsHBetHBfuHBcv7BMvzAkwzzkwyykw_xNvqxevqxfu^xEfuxEdt4FIsDFasHGasIHasfIIsPIetPIfuPIcvfIMvHHkwHGkwFFkw5FNvxEevxEfu^FLfuFLdtcMIsLMasONasPOasmPIsWPetWPfuWPcvmPMvOOkwONkwNMkwdMNvFLevFLfu" /><g i="33" c="420" p="#^tJ$v%$w$v%$wnt%tBRosDOm3E0mHEelYEzkdFUjdF9jdF5iDEAh1E2h2D2h0C2h1Bwh3A_h$yTi%Xwrggyjf7zSe$zoe0B8e2CUdjDUd_EUdgGveyH6ffIdgZIjhZIJiZIYjxI2l5I7mbHgnhGoo_Duq%HBFs%HBQs%tJQs" /><g i="34" c="421" p="#^nwfB5vfB8uZA%8uQx6v4yWv4yax4yIxixeywweyTu%ey9e%0C9e%0CRu0CZxBACzazfBnwfB" /><g i="35" c="422" p="#^MI2rMIst1HSuiFfwbCfwlzfw8xav%8xFrXyssbAOssB7tuC7tKD7toEFs3Fas3Fdr3FIqMEiqtETpVDvplD7pBBioYzxn8zQmky6mQxallxdklxZilxBgYyffzAUdoDUdNEUd2GdejHyeHI8f%tH5i1Gvh5FhhaE2hgD2hbC2hCByh2B2i2BRi2BljhBJjwB5k0CrkwCNkpEHlWGUmRH5oMIipMI2r" /><g i="36" c="423" p="%^rH$vFw$vFwOt_Ccl2xcl2xmidHmidHMk4B9trH9t" /><g i="37" c="424" p="#^LO$v%8K$v%KICupGfwtDfwtAfwKyTu$wvt$war$wvpKxkoty8ngA6mlz3lWy6kwy8jwy0iwy9gXz1fmBUdLDUd0GUdnHYeKI$fKIMhKIdjUHqk2HDl9FIm%EI5qvJGo8Kqm%0OqmAN3oPMDp2Mbr3Lps^VAPqVATrHBvsuC7tJD7tfF7tuGns%rCkoKBTojBtpVA2qVAPq^iF9iiFvhSE8hqEMgJDMgVCMgrC9hZByhZBgiZBlj7DDkaE2kKEujiFViiF9i" /><g i="38" c="425" p="#^0C4m%fD4m1F4mUFulLGTkLGBjLGjiTFNh$EfhaDfh%0Cfh^0C9p%0C$v%ey$v%ey9e%rD9e4H9ePIufzKOgzKvjzK4lHJjmQIxnfHdogLeuvM$v%iI$v%1E9p" /><g i="39" c="426" p="#^rO2nrOureMTt1KfwXFfwRBfwEzTtrxurrx1nrxziEzdgRBTdZFTd4KTdfMfgrOCirO2n^pB2npB2qyCzrHD4tXF4ttK4ttK2ntK1hZF1hID1hyCyipB3kpB2n" /><g i="40" c="427" p="#^mJ4nmJLrQH$tiGfw7Dfw1AfwsyXtUwCrUw4nUwliqy6gYzTd7DTdcGTdNHdgmJzimJ4n^EA3nEAlqcBNrNBct7DctrEct0FMrCFjqCF3nCFNj0FmiqEWg7DWgOBWgdBmiEANjEA3n" /><g i="41" c="428" p="%^OF$vvB$hoB$h#DBgmDBHnDB$vey$vey9enD9eCHOrHHOraM9ekR9ekR$vON$vONyn#ONYmPNam#QNol_N0iTN0igJ$v" /><g i="42" c="429" p="#^ey9e%OD9eBH9eiJef0Ljg0LFi0LgkgKilwJjmgIvm%gIEmZJ0nJK3otL5ptLPqtLftIJDuXH$vWE$v%ey$v^0Cdl%dEdlMFdlsGLk8Hgk8H9j8H8ioGIhEFfh0Efh%0Cfh^0Cdo%0CTs%uETs2GTsOGhsyHGryHrqyHdomEdo" /><g i="43" c="430" p="#^aJ$v%THLr%mBLr%3A$v%$v$v%iC4e%WG4e%fN$v^ZGAoaFOiXE2iJEhhDERgdEpijCAo" /><g i="44" c="433" p="#^TwqoTw7j6zyglBYdPFYdlHYdcI7e%cI8h7HVg3GVg7EVgUCuhGB3i3BdjsAmklAtm%vAtmIBpkmEpkLGpk6IVltJpntJ2qtJVsSHAufGfwoDfwpBfwXzkvtypuGxFsTwUqTwqo^jDetwEet9FqsPFCrPF5qPFOocF2oCEinoDineCinqB2oDANoDAMpDAdrnBes8CetjDet" /><g i="45" c="434" p="#^QF2hHD2hwCFilBfklB7nlB5tQF5tIH5tnK8s%nKkvbIfwtFfwABfwvzUtrxwrrx5nrxjksyditz7gmB0fgDUdQFUdqIUd2L8f%QJdiQILhPHphOG2hQF2h" /><g i="46" c="435" p="#^2NVm2NjrxKFt1I$viD$v%ey$v%ey9e%RD9ecI9eDKtg2NMi2NVm^6J$m6Jfh1Efh%0Cfh%0CTs%EDTs6JTs6J$m" /><g i="47" c="436" p="%^jG$vyC$vyCGlACZjEC6i#HB3jlBljhz$ktxJidD9ejG9e" /><g i="48" c="437" p="#^MI7iMIOjLHZkLG8mVEBm%VEFm4HWmbIZniJ0piJOqiJntqHPuzFfw5CfwbzfwXwhv%Xw4s_xBsdzXstAgtHBgtzDgtsEDslF_rlFAqlFjpjEOohDgo2Bgo%Hzgo%Hznl%3Bnl8Dnl5EQk3Fhk3FYi3FXgwCXgEBXgKAdhQzvhJyei%ZwEfpzUdOCUdzFUd9H0fMI7gMI7i" /><g i="49" c="438" p="%^ey$vey9e0C9e0CTsgJTsgJ$v" /><g i="50" c="439" p="%^ZB$vey$vey9etI9etIfhZBfhZBSl0ISl0IYoZBYo" /><g i="51" c="440" p="#^0F_l%5M_l%5MevnKOvSI0wlHfwLFfwIBfwzzTtrxurrx2nrxJiVzjgoCUdNGUdwJUd4M_e%PK$hSI2hLG2hiE2hPCHilBkklB7nlB0qxCzrJD5t$F5taH5tpIRs%pI8p%0F8p" /><g i="52" c="441" p="%^4O$vgJ$vvBvioBvi#DB3mDBBnDB$vey$vey9e0D9eMKwrSKwr#GK1oGKBmGK9e4O9e" /><g i="53" c="442" p="#^qI9e%fM9e%aG$v%2C$v%$v9e%Pz9e%aDMosDIpLDYq2Ecs7EIsfEAr2FMo" /><g i="54" c="443" p="%^7F$vlB$vlBjhvwjhvw9eZJ9eZJjh7Fjh" /><g i="55" c="444" p="%^ey$vey9e1C9e1C$v" /><g i="56" c="445" p="%^TJ$vBw$vBwxt9FhhQwhhQw9eEJ9eEJBg5BTsTJTs" /><g i="57" c="446" p="#^YA9e%7BqewAPgZygk%iwgk8xEgwx9e" /><g i="58" c="447" p="#^0Czm%gDzm0FzmTFTlLGalLGRjLGwi0GUhiFfhLDfh%0Cfh^AKJjAKBmMI7oZGFpEDFp%0CFp%0C$v%ey$v%ey9e%XD9ebH9eTIyfAKXgAKJj" /><g i="59" c="448" p="%^SM$v5J$v5Jjo0Cjo0C$vey$vey9e0C9e0C9l5J9l5J9eSM9e" /><g i="60" c="449" p="#^MM9e%MMIpMMGrTLat_KFujJsvEHfwmFfwWBfw0Auu6yJs6yFp%6y9e%UB9e%UB4pUB8rIC6sxD4ttF4tjH4t8I6s_I7r_I2p%_I9e" /><g i="61" c="450" p="%^KwPqKwMniDMniDPq" /><g i="62" c="451" p="%^CM$vjI$vDDto0CDp0C$vey$vey9e0C9e0CjmwDdkmI9eyM9ekG2m" /><g i="63" c="452" p="%^KA1plwmizAmidDHmUFmi6KmiGF1pkK$v5G$vdDkrlA$v6w$v" /><g i="64" c="453" p="#^_w8p_wVlWx5jTyggGA9e%JD9e$Bvg6BkjeA8meA7peA6s7BVu1CHxHDYz%GAYzTyTxWx6v_wks_w8p" /><g i="65" c="454" p="#^tD8ptDmswC7vABUxNzYz%MwYzpyIxjzWudA7sdA7pdA8mkzkjsyvgKw9e%Nz9eABhgwC6jtDXltD8p" /><g i="66" c="455" p="#^uDCk4GCkCH3m8Jvn8J1q8J0tiHEusFfw0Cfw2zfwdxhv%dx0sayxsszSsKAbtUBbtlFbtlFlqlFFnMBFn6BFnkANnzzVn3z2o%zxfn%ey9e%WH9e%WHmh%yBmh%dBSk%EBMkoCCkuDCk" /><g i="67" c="456" p="%^TJjsJHjsJH$v1E$v1EjsqwjsqwGpeE9eJH9eJHnpTJnp^1Enp1Elm#1EAl5E8k#9EIibEti5Eti#EDtj0DqkKznp" /><g i="68" c="457" p="#^BBmtYAQvszdz%MwdzzxZv$x5t%pB5t" /></glyphs></font><font id="10" name="Open Sans Charset1 6ms3b8SiOWL"><glyphs><g i="0" c="384" p="%^_C4nLH9e$J9e1E4p1E$vXB$vXBap$v9egy9e" /><g i="1" c="385" p="#^ODfwQAfw6zruoxDsoxqpoxam_yhkAAnigDniNFnifH1kJIGlJIoo%JIGp%vzGpzz1sHAgtPBuuTDuu1Guu8IAt%8Inv3HRv6G2w9FfwODfw^fD4kEB4kGA7lJzamyz1o%yG1oyG6mHF5lQE4kfD4k" /><g i="2" c="386" p="#^MGlsMGdunFev_DfwtBfwPyfwkxov%kxwthy$toziuvAAuwBAu6DAuYD4uPEztPEwsPEKr7EbrsDDqvBSpDzapQyFo2y7oFxtnhxPmhxUlhxgkCykjYznigCniqEniuGfj%MFVkLD4k7C4kGA4kXzxkdzZkdzMldzimuzHmMz3nnApn_AKnJCoo5FfpWF8qMG0rMGls" /><g i="3" c="387" p="%^oM$v0K$vgA0haA0h#mAFjmARlmA$vsy$vsy9eOA9ewK3tCK3t#BKKsvKYq#qK9prKoorK9eoM9e" /><g i="4" c="388" p="#^HJipHJzs1IpuoGfwuDfwHBfwiApvVyzu8y_soxproxipox0m1zckGAnizDninGni1IfkHJ6mHJip^vzhpvzSrwActyByuxDyuwFyuyGctAHSrAHhpAHKmyGqlwF5kwD5kwB5kvAplvzImvzhp" /><g i="5" c="389" p="#^XN2nXNkrMLOtCJfwLFfwOBfwFzRtwxqrwx1nwxGiFzhgPBTdMFTdCJTdMLjgXNLiXN2n^Jz2nJzHqfBzsOCruLFruJIrudKzsKLHqKL2nKLsjdKBhJIKfMFKfOCKffBChJztjJz2n" /><g i="6" c="390" p="%^lL$vUI$voClnwA$owA$vsy$vsy9ewA9ewA$mCI9e3L9eUDVl" /><g i="7" c="391" p="%^FJ$vsHkqiAkq5y$v$v$v2D4eOE4eQL$v^OGsoJEWi#kEShUDlg#DDwh7DWi1Bso" /><g i="8" c="392" p="#^iH$v%iHkniHIlyGVkPF5kdE5k7C5k8BelaAmmaAZo%aA$v%7y$v%7yDi%NzDi%7Ark%dArkRAsjYBWi4DnitEniTGni5IyjkJIkkJgn%kJ$v" /><g i="9" c="393" p="#^eHcu%7HcuKFfwXCfwjAfwRysuoxFsoxlpox1mSyckkAniXCniFFni6Hlk%gHlk%bHnj%7Hri%7H$c%9J$c%9J$v%wH$v^bDyugFyubGqt7Hhs7HMp%7Hlp7HvmaGileF4kaD4koB4krAtlvzRmvzmpvzWrrAetnByubDyu" /><g i="10" c="394" p="#" /><g i="11" c="395" p="#^iH$v%iHlniHJlyGWkPF6kdE6k6C6k8BflaAomaA$o%aA$v%7y$v%7y$c%aA$c%aALiaANj3Atk%bAtkOAwjUBZi$CpiqEpiTGpi5IAjkJKkkJgn%kJ$v" /><g i="12" c="396" p="%^4J$vCG8o#oGqnLFTkFFTk#9F0nNEaogC$vWz$vgwDioyDi#HzFnmAiq#2BWs8BRtfBRt#nB9tGB2s#ZBXqcCiqFEDiRGDieJiq#WJosaKPtgKPt#jKntxKts#LKyr4NDiaPDiuL$v" /><g i="13" c="397" p="#^nG$v%ZF5u%TF5uTElvTDOvTCfwoBfwpzfwgydv8xbu8xis8xfoDD2o%UF_n%UF8nUFAldFQkyE4k2D4knB4kgz5l%EyyjDz0jOAJi_BpiaDpizFpiJGtjTHwkTHSm%TH$v^OBAuHDAuMEytRFvsRFDq%RFqp%PDvppBApkAfqgzWqgzksgzptWz$tBAAuOBAu" /><g i="14" c="398" p="#^aEbk%MAbk%MA$v%Ky$v%Kybk%lwbk%lwgj%Kyyi%KyOhKyTc1DTc6ETcxFid%0FWeRDye0DyeSByejBjfMA3gMALh%MACi%aECi^EI$v%CG$v%CGDi%EIDi^rG$erGieNG_d7HFdEHFd7IFdtI_dQIjeQI$eQIGftI0g7ImgEHmg7HmgNG0grGGfrG$e" /><g i="15" c="399" p="#^tCAu$CAuvDvu$DpuiEku%iETvZD1wkD8wHCfwaCfwhyfwhy9s%hyck%nwck%nwdj%hyni%8zxf%jAxf%jADi%cEDi%cEck%jAck%jA3sjAhtUAXttBAutCAu" /><g i="16" c="400" p="#^aA$v%8y$v%8yDi%aADi^Zx$eZxiejy_dFyFdazFdFzFd$z_dmAjemA$emAGf$z0gFzmgazmgFymgjy0gZxGfZx$e" /><g i="17" c="401" p="#^wz4r%wzpqwz_oYz3opA8nBB6mgDJkHD0k7Eij7Eii7E2hkDngxCIf1BIf3AIf8zWfey8g2xLg%kw5fDyUd8BUduDUdME1f3Gag3Ggi3G9jQFRjBFwk7F7lFEJl7D3nUB6ouBPo5Bvp5BGq%5B4r^WyIuWy2toA2t5B2ttBttSBUtSBIuSBuvtBWv4BmwoAmwLzmwkzZvWyAvWyIu" /><g i="18" c="403" p="#^0O$v%ZL$v%nI2k6IfjOH2iuHQgtHBgcHciCG6k%7D$v%3B$v%kw9e%wy9e%lBapWBurbCntwC8raD$o%mG9e%zI9e%WL5pvM_qVMnt8NErNN8p%BQ9e%OS9e" /><g i="19" c="404" p="%^lG$viAagbAag#mA2imAEkmA$vsy$vsy9eAB9edHTskHTs1N9e7Q9e7Q$v2O$v2Ovk#2OwidOcg7Ocg0I$v" /><g i="20" c="405" p="#^fEni8FniRFwi%zFokKEdk5EdktCdkjBxlaARmaAPo%aA$v%8y$v%8yDi%PzDi%2A5l%8A5lUANjXB4j_CnifEni" /><g i="21" c="406" p="#^MJljMJ3mVHxn3G_oDC_o%wA_o%wA$v%ry$v%ry9e%4D9eMJ9eMJlj^wAcn%oCcn8FcnmGjmBHplBHsjBHGhrGPgiFYfRCYf%wAYf" /><g i="22" c="407" p="%^aA$v8y$v8y$caA$c" /><g i="23" c="408" p="#^5JDi%5JVj%DGckYGDkdHjlvH$lvHSmvHQo9G$pPEartCarSBarlB3r2ALr2AOs2AltvACtYATt2CTt%qETtBGTtLHOuWIIvWIrxWIFz8HQAmF$BXB$Bjz$BUx0Btw2Atwfytw1xfx8w1yfvszXuXyIuAydueyKtey4teylsDyOr0zfrSzKqQyjqayipwxgowxXmwxLkQyzj9AniACniDDnitEDi^qyeyqykzkzUzfAsAZBsAwEsAKFHzZGWyZGCxZGwwiG5wDFHvMDHv%lBHvZzHvbzlwqy$wqyey^wzVmwziojA1p6BLpxCLpvFLpvFSmvFSjuCSj3BSjhADkwzolwzVm" /><g i="24" c="409" p="#^wIfrwICtOGXu5FfwaCfw$yfwhxqv%hxqtoyUtGzauZArueCrujErumFEtqGRsqGrrqGwq2GWpGFkpOEQoWDko8CHnFzOmAyAlwxmkwxoiwxkg3z6fDAUdaDUdQFUd3ISe%qHGgcFLf7DLftBLfyAsgDz9hDzqiDzljYzXjiAxk6B1lWBwlBD6mpG7nsHgowIppwIfr" /><g i="25" c="410" p="#^4GLf8DLfrBIhKzFjKz4nKzAqnBvs0Dpu3GpuWHpujKKt%jKyvtIfwKFfwOBfwFzStwxsrwx2nwxhkyyciAz7gwB0ftDUd6GUdWIUd0LVe%8KHg5ILf4GLf" /><g i="26" c="411" p="#^2ADi%2Air2AWsNAKtxByu7DyudFyubGpt9Hfs9HEp%9HDi%bJDi%bJ$v%wH$v%dHcu%6HcuuGbvnFJvhEfwSCfwqAfwcz5v$xWt$xnr%$xDi" /><g i="27" c="412" p="#^JE$v%LC$v%LChjLCHhRChgACxggCPgYB5hmzcj%hyOh%0D9e%JE9e" /><g i="28" c="413" p="%^0xdq0xno0Dno0Ddq" /><g i="29" c="414" p="#^hIlihI2kjH8lmGemBEBm%BEHmLGZmNH3oQI9pQIXqQIvt2HTuhFfw1CfwCAfwqz1wfyPv8xhv%8xmtiyWtCzeuWAxu5CxuJGxuJGUqJGFnDBFn%SzFn%SzVl%EBVlKDVlYE_kaG2kaGqiaG6hgFngnEDfRCDfGBDfDAXfBzfggy6h%exKflyTeMzoecBUdOCUdoFUdQG4fhIgghIli" /><g i="30" c="415" p="%^4B$v$vDiayDi2Byq#1CktcC9uiC9u#qCwt8Dur#SDsplGDixIDirD$v" /><g i="31" c="418" p="#^mEfw3DfwZBMvUAhvaAhu%0AhuaAsvaAvw%aA$B%8y$B%8yDi%NzDi%3Ark%aArkYAlj_BSi0DnimEni0HnisIbkVJ$lVJipVJBsrIquZGfwmEfw^3E5k0C5k5BelbAmmaARo%aAhpaA6s6Bkt2Cyu7EyuRFyuQG8tPHKrPHgpPHMmQGrlRF5k3E5k" /><g i="32" c="419" p="#^uDfwAAfw_ysuoxFsoxopox1m$yckDAniDDniBEniyFAiwGNi3H3j%sGNkNFwk_ElkbEakADakvzakvznpvzRruAatuBuurDuu6FuuTGLt%TGyvxFfwuDfw" /><g i="33" c="420" p="#^0wDi%byDi%7Bfq4CSsjC0u%pC0uzCot3DUrADnqoGDi%zIDi%PCRxYB5APA2BGz$B0y$B5x$BbwNB%bw9ASwjAHxjANzjAGAZx%pB3w" /><g i="34" c="421" p="#^bP$v%bPhnbPHlvOUkQN5koM5kuK5kAJblHIgmHIwo%HI$v%FG$v%FGhnFGHlZFUkiF5kRD5kXB5k2BelaAnmaAZo%aA$v%8y$v%8yDi%NzDi%7Ask%dAskNAtjQBWiTCniaEnijHnigIDk%nIDkZIBj5K_ieLniHMniYOni4QyjdRIkdRgn%dR$v" /><g i="35" c="422" p="#^aEbk%MAbk%MA$v%Ky$v%Kybk%lwbk%lwgj%Kyyi%KyOhKyTc1DTc6ETcxFid%0FWeRDye0DyeSByejBjfMA3gMALh%MACi%aECi" /><g i="36" c="423" p="#^gA5t%sAmt7ABuxzcwXyPxhydz%Mwdz5xXxux3wUxcu2y5t" /><g i="37" c="424" p="#^2BIh2ByiuBjjWB4k_C8lzEekaFsjOFGiOFGhOFJg9F8gxEyfuDyfpCyfJB8g2BJg2BIh^XCruTFruQHys%uCnn7BcozALo0AhpKzVptzxqtzkrtzLspABtmBruXCru^nxnrnxNpdyzo3zlngB5meAXkSzlkuzKjgz5j2zsi2zLh2zWfeAVerBTdADTdyFTdHGUeQHVfQHJhQH1j_G8k9GflfEnm%dJ9rUJoqiKnpJKmo$K9n%2N9ndMEqyKrs%bO$v%oL$v%8JQtIH7vcGHvJEfwUCfwgAfwPyYunxFtnxnr" /><g i="38" c="425" p="#^RxIuRxTtdyttBy2tiz2t$z2toAttOATtOAIuOAvvoAXv_zmwizmwGymwfyZvRxAvRxIu" /><g i="39" c="426" p="#^mEpi$GpisIckVJ$lVJipVJBsrIquZGfwmEfw3DfwZBMvUAhvaAhu%0Ahu%Bz$v%8y$v%8y$c%aA$c%aAChaAaj3Apk%aApkABpimEpi^3E6k$B6k4BilaAumaAipaA6s6Bkt2Cyu7Eyu_FyuUGbtPHPrPHgpPHFmUGol_F6k3E6k" /><g i="40" c="427" p="#^8A8pGAooLBbn%3GDi%tIDi%2Djo%RI$v%oG$v%GBGp%8A_q%8A$v%8y$v%8y$c%8A$c%8A3n8AKn2A8p" /><g i="41" c="428" p="#^RxIuRxTtdyttBy2tiz2t$z2toAttOATtOAIuOAvvoAXv_zmwizmwGymwfyZvRxAvRxIu^jEIujETtHEtt3F2tMF2ttG2tSGttgHTtgHIugHvvSGXvsGmwMFmw8FmwJEZvjEAvjEIu^OKIuOKTtaLttyL2tfM2tYM2tlNttLNTtLNIuLNvvlNXvXMmwfMmwDLmwcLZvOKAvOKIu" /><g i="42" c="429" p="#^wAAo%wA$v%sy$v%sy9e%lD9eDG9ebIpfMJFgMJbjMJKmaGZn%0L$v%zI$v%fEAo^wAOm%mDOmzFOmAGWlCH2lCHijCHxhzGLgxFZfdDZf%wAZf" /><g i="43" c="430" p="%^ry$vry9ewA9ewA7uoI7uoI$v" /><g i="44" c="433" p="#^HMVmHMjrhKFtUH$voD$v%ry$v%ry9e%VD9e4I9enKtgHMMiHMVm^uKZmuKujKIJh_GYfxDYf%wAYf%wAcu%2DcuLGcuCInsuKyquKZm" /><g i="45" c="434" p="%^ZDlm$Ilm$I1oZD1oZDdtgCdtgC1ogx1ogxlmgClmgC6hZD6h" /><g i="46" c="435" p="%^WE9egy$vew$vUC9e" /><g i="47" c="436" p="#^RvIAIuIA1umA%1uByVuRyRvRy2xRyGx6yjynxjy$v%jy9e%oA9e%oAQvoA8ydzqz2yIARvIA" /><g i="48" c="437" p="#^EI9e%TK9e%rE$v%oC$v%$v9e%by9e%hCHp$CHrpDztRDBrzEDp" /><g i="49" c="438" p="%^HG$v$w$v$wCuhEckrxckrxDiwGDiwGbkjzquHGqu" /><g i="50" c="439" p="#^OC6lCF6ldHvmRIUnRIkqRI5t4HGujFfwdCfwbzfwCxhv%CxkttyTtKzbu0BvufCvuoEvuAFutMGtsMGyqMGQmbCQm1BQm5zan%2yvm%Jy9e%BH9e%BH1g%sA1g%$znlpB6lOC6l" /><g i="51" c="440" p="#^2J2n2JGrAHZt7Gfw7DfweAfwKyVtexzrex2nexoiHy8g8ATd7DTd1GTdxHeg2JAi2J2n^hz2nhzXqcAJs7Bvu7Dvu9Fvu3GIsZGUqZG2nZGcj3Gqh9FEf7DEf7BEfcAphhz9jhz2n" /><g i="52" c="441" p="#^YytjYyylozBmRzDnSADnSCDnSCtjSCkfSAkfRzkfozmgYyohYytj^xEtjxEfmBDHnGC6pSA6p9z6pcyFngxbmgxtjgxHgayif4zUdSAUdDCUdADlfxEOgxEtj^HJDqHJJs8KLtBKNuCLNuEMNu7NMtCNKsCNDqCNxo7NxnEMwmCLwmBKwm8KxnHJxoHJDq^hPDqhPotlOQuqNfwCLfwTJfwXIOu0Ikt0IDq0IRnWIsmQJ2lCL2llN2ljOumhPVnhPDq^8M9e%eC$v%sA$v%lK9e" /><g i="53" c="442" p="#^7DUdzFUd_G1fqI9gqI9iqItjBHzkNGEl_Eym9Hzn4IJo$ISp$Imr$IBtrHWuUFfwcDfwlAfwOy$ugxKtgxrrgxno$AFmjzIlAyCkRxvjRx7iRxbghz2fJAUd7DUd^gzvrgzZshAOtiBCu8DCuZECu_FLt$GUs$Gor$Gcq2Ghp5FmoJCvnVAho4Adpgz9qgzvr^5DxfABxfIAggRz_gRzdiRzljzA9khBYkdDMlZE1lHFbkqGljqGdiqG_gxFggFExf5Dxf" /><g i="54" c="443" p="%^NJVr8HVr8H$vcF$vcFVrwwVrww7q_E3e8H3e8H3qNJ3q^cF3qcF7k#cFnijFagdFag#EElh7E7iyy3q" /><g i="55" c="444" p="#^qxmoqx5jtzvgwBUdwFUdUGUdHH6e%HHSfLGzfyFzfGCzf9BmhEz8jvzZm%EzZm_ATkUDTkiGTkGHkm3JNn3Jgq3J2tyHFu1GfwrDfwGAfw2zauqx4sqxmo^qDxu9Fxu6Grt3Hks3Hgq3HuoaGunhFtmwDtmqCtmvBWmAAmn1A9ovzYovzPpvz4r_zastAftmBUtgCxuqDxu" /><g i="56" c="445" p="#^sy9e%uD9e2H9eDIdfdKggdKzidK9kkJblsIdmLGxm%LGEmPKlnPKWqPKjtbJFuAH$vGE$v%sy$v^wAOl%XDOl8GOl5H6l3Ipk3INi3Ihh_GDgWFYfADYf%wAYf^wAzn%wAeu%fEeupGeuvHptBIzsBINqBI6ptHlomGzn4Ezn" /><g i="57" c="446" p="#^YI$v%dx$v%dxfu%VBwp3ElnLEqmrFulMFCk6GKj6GJi6GiheFtgnEDfRCDfKBDfKA_fKzlgwyjh%rxXfVzUdPCUdkFUdLGafbIsgbIEibIkkeH$lhGFnGDcq%Mz0u%Mz7u%YI7u" /><g i="58" c="447" p="%^mB8pJwDi0zDiyCLn3GDilIDiHD8pAI$viG$vyCAqMy$vtw$v" /><g i="59" c="448" p="#^Mz9e%YzqeDzEf1zghryTiNxgk%iwgk9xNgyx9e" /><g i="60" c="449" p="#^iGFm%mMFm%mMkvYKNvuJ0w0Ifw5Gfw1CfwMzRtwxqrwx3nwxhkDybiLz5gRB$eYDUdMGUdDJUd5MXe%iLMgTILfEGLfnDLfyBHhJzDjJz4nJzHquBzsfDruFGruwIruhK$t%hKwo%iGwo" /><g i="61" c="450" p="#^ww$Bmv$BEuHB%Eu2AuviAiwiAfxiAHxMz8yfz8yby%8yDi%aADi%aA2yaA$Bww$B^Zx$eZxiejy_dFyFdazFdFzFd$z_dmAjemA$emAGf$z0gFzmgazmgFymgjy0gZxGfZx$e" /><g i="62" c="451" p="#^bDyudFyu8Gtt3Hns7HOp%7Hlp7HxmaGjleF4kaD4koB4krAtlvzRmvzmpvzUrqAdtmByubDyu^UCfwiAfwRyruoxCsoxlpox3mSydkkAniXCniGFni9Hrk%gHrk%zHDi%9JDi%9J$B%7H$B%7Hhw7H3vgHcu%6HcuIFfwUCfw" /><g i="63" c="452" p="%^sy$vsy9ewA9ewA$v" /><g i="64" c="453" p="%^oI$vsy$vsy9eoI9eoI$fwA$fwALlWHLlWHAnwAAnwA8uoI8u" /><g i="65" c="454" p="%^fJ$v$w$v$wnutG1ghx1ghx9e_I9e_IMfwz7ufJ7u" /><g i="66" c="455" p="#^$w8p$wVlXx5jTyggFA9e%EC9eUAvg$zkj6z8m6z7p6z2s0ARuWAExCCYz%FAYzTyTxXx6v$wks$w8p" /><g i="67" c="456" p="#^oC8poCmsrB7vvAUxJyYz%MwYzsyFxmzSugA2sgA7pgA8mnzkjuyvgKw9e%Jy9evAhgrB6joCXloC8p" /><g i="68" c="457" p="%^_L$vWJ$vWJCnwACnwA$vry$vry9ewA9ewALlWJLlWJ9e_L9e" /><g i="69" c="458" p="%^XD$vSB$vSB$fdw$fdw9eBJ9eBJ$fXD$f" /><g i="70" c="459" p="%^wA$vsy$vsy9eoI9eoI$fwA$fwAxmWHxmWHnowAno" /><g i="71" c="460" p="#^XN2nXNuqyMLsaL0vFIQv%VMfA%UJfA%qGdw%LFfwOBfwFzRtwxqrwx1nwxGiFzhgPBTdMFTdCJTdMLjgXNLiXN2n^Jz2nJzHqfBzsOCruLFruJIrudKzsKLHqKL2nKLsjdKBhJIKfMFKfOCKffBChJztjJz2n" /><g i="72" c="461" p="#^EMbk%eJbk%eJ$v%cH$v%cHbk%PEbk%PEgj%cHyi%cHOhcHTcvLTcAMTc$Nid%uNWejMyeuLyekKyeNJjfeJ3geJLh%eJCi%EMCi^aEbk%MAbk%MA$v%Ky$v%Kybk%lwbk%lwgj%Kyyi%KyOhKyTc1DTc6ETcxFid%0FWeRDye0DyeSByejBjfMA3gMALh%MACi%aECi" /><g i="73" c="462" p="%^ZH1laHapDKapDKLqTGLqRF$vaE$vcFLqvBLqvA$vRy$vPzLqCwLqCwap7AapYA1lzx1lzxujdBujdC9eWD9eWCujEGujGH9eiJ9ehIujvLujvL1l^OBapvFapiG1lBC1l" /><g i="74" c="463" p="#^Zz4r%Hy4r%3y9e%BA9e^RxIuRx2tjz2t0A2toAttNAUtNAIuNAuvoAWv$zmwjzmwGymwfyZvRxAvRxIu" /><g i="75" c="464" p="#^UG3jmF3jxE7kJDblJD3nJD7puE6qgF5rSG5rWH5rrJyq%rJ3sSIjseIusDHFsMGFspEFs7DbrSBIpSB3nSBwkcD0jzEwhUGwhrIwhUJei%bJHjTH3jUG3j^dx3ndxDkryuiFzlgNB7fWDUdnGUdQIUdZK6f6NkgkOtizPBkzP3nzPtpnOBrcNIt3L_uWIfwnGfwSDfwJB_uBzJtpyCrdxupdx3n^vy3nvybpzz1rDASssCWtiEZunGZuwIZukKVt9MRsdN1rhOdphO3nhOXkdN7j9MihlKegxIafnGafgEafrCegDAihzz6jvyWkvy3n" /><g i="76" c="465" p="#^WL9e%WLIpWLLs4KvueIfw0FfwOBfw1AuugyJsgyFp%gy9e%lA9e%lAOplA1szBetNCru9FrupHruDIetRJ1sRJNp%RJ9e" /><g i="77" c="466" p="#^RxIuRxTtdyttBy2tiz2t$z2toAttOATtOAIuOAvvoAXv_zmwizmwGymwfyZvRxAvRxIu^RxVjRxhiizhiOAhiOAVjOAJkoA9l_zAlizAlGyAlfyblRxOkRxVj" /><g i="78" c="467" p="#^Mz9e%YzqeDzEf1zghryTiNxgk%iwgk9xNgyx9e^gE9e%rEqe8ExfyD9hZCMiiCgk%MAgk4B1juB9hUBhf2C9e" /><g i="79" c="468" p="#^YIMlYIfwRAfwqzfwBy$v%ByfuzzAuPAAuLDAueFMsKGXqTGcn%JGcn2GcoXELoQDhprChp3AhpGySnhxrmhxUjhx5hRyvfpAUdXCUdMEUd7GQeuHLfdIyhYIkjYIMl^XCDfbBDfeALghzShhzTjhzDl9AEm2BFnRCFnYDFnUEcnQFLmmGZlUGalUGkkUG2joGYhUFSg_Efg5EDfXCDf" /><g i="80" c="469" p="%^$wdq$wnouHnouHdq" /><g i="81" c="470" p="#^YAgk%MA_jsBnhXC9e%rE9e4EyfIDjhlD4jbDgk^rwgk%iw_jzwUi9xghMxDfry9e%Yz9e7zfhHygk" /></glyphs></font><font id="20" name="Rockwell Extra BoldBold Charset1 5lzLU9rAzz9"><glyphs><g i="0" c="256" p="%^FD$v4x$v4xWrnyWrny4j2x4j2x0fhH0fNJAllM0fxW0fxW4jbV4jbVWrzWWrzW$vIN$vINWr2PWr2PriWJ$voH$vjCzijCWrFDWr" /><g i="1" c="257" p="%^BEkj$C1o1G1o^$C$vhw$vhwWrzxWrLA4joz4joz0fBL0fBL4jdK4jtNWrJOWrJO$vSF$vSFgslHgsHG8qlC8qCBgs$Cgs" /><g i="2" c="258" p="#^2FLi%2FZl%MFZlcHZlJHTlgIOlEIol1J0l1Jlk1JHjEIijgIViHHPi7HLiEFLi^kG$v%5x$v%5xWr%uyWr%uy4j%5x4j%5x0f%jG0fzH0fDI3fHJ5frKafcLffQLofCNMfKO1hSPkiSP4kSPplaPtmuOxnnN2o%JPWr%XQWr%XQ$v%PK$v%7H3p%2F3p%2FWr%kGWr" /><g i="3" c="259" p="%^zG$vTw$vTwWrryWrry4jTw4jTw0fzG0fzG4j$E4j$EWrzGWr" /><g i="4" c="260" p="%^ND$vPw$vPwWriyWriy4jPw4jPw0fRE0f1LUn1L4jEJ4jEJ0fvQ0fvQ4j0P4j0PdwqJdwgCYlgCWrNDWr" /><g i="5" c="261" p="%^kN$v7x$v7xWrryWrry4j6x4j6x0fkN0fkNrkSIrkSI4j0F4j0FIlmIIlmI9p0F9p0FXrSIXrSIzqkNzq" /><g i="6" c="262" p="#" /><g i="7" c="263" p="#^jFLi%jFWl%BGWlXHWlyIBl8Jhl8Jmk8JMjPImjwIYi$HRivHLikGLi^0H$v%5x$v%5xXr%LyXr%Ly4j%5x4j%5x0f%vH0f5L0fLMHfqOpgcPDh_PSi_Pjk_P6m2Phn7OuoBM0p5LxpYHxp%jFxp%jFXr%0HXr" /><g i="8" c="264" p="%^2N$vUw$vUwWrpyWrpy4jUw4jUw0fAG0fAG4jZE4jZEXr_IXr_Idp2Ndp" /><g i="9" c="265" p="#^ZJ8q%eI8q%eIXm%QPXmQPIprP3r2PmsRNItFM1vZKEvhJgwmHgwuEgw8CivNznuvyesdx6qdxundxwjQz5hpCGeaGGejJGe5Lbg%5L0f%bP0f%bPXk%5LXkzKQjHJhjQIJiHHJi4GJijFMjAEPkAEDnAEqqmFqr8GrsFHrsZJrsZJ8q" /></glyphs></font><font id="30" name="Rockwell Charset1 6P5KmKDlFrT"><glyphs><g i="0" c="256" p="%^DyTtDy8hOw8hOw0f0D0f0D8hbB8hbBTt0DTt0D$vOw$vOwTt" /><g i="1" c="257" p="#^3Bbk%3BClhD$j7F$jhG$j1HykNH4l0ITlfIFmfIao%fIXt%eKXt%eK$v%XF$v%XFgoXFWmxFwm7F6mxE6m$C6m3BCn%3BXt%5DXt%5D$v%Gw$v%GwXt%LyXt%Lyfm%Gwfm%Gwbk" /><g i="2" c="258" p="#" /><g i="3" c="259" p="#^Mwfm%Mwbk%iybk%iyni%CAfg%CAbk%OCbk%OCfm%CAfm%CA_rCAmtLAHtVA0uwB0uaC0uOCMt%OCTvVBcw0BcwYzcwhzKvDyfvsyyuiyRtiy6s%iyfm" /><g i="4" c="260" p="#^FyXt%Fy4h%ww4h%ww0f%ZA0f%ZAxl2DSjWESj5GSjRGlkCHQkUHDlaIqmaIZn%aIXt%bKXt%bK$v%SF$v%SFNoSFrnMF_mHFxmiFfmVEYloEYl2DYlZAtn%ZAXt%0DXt%0D$v%ww$v%wwXt" /><g i="5" c="261" p="#^jyagjyCfIycf5zNeJzNehANeIAbf7BAf7Bag7BLgIAahhAAhJzAh7zAhJy9hjyKgjyag^FyXt%Fyfm%Qwfm%Qwbk%ZAbk%ZAXt%OCXt%OC$v%Qw$v%QwXt" /><g i="6" c="262" p="#^1x$v%1xYr%6zYr%6zlsdzat$zJtNAfuSBfu_CfuFDStkEstkEMskE5sMDNrcDsrzBbr7zNq4ySp2xXo2xtn2x_lay$kjz$j9B$jQC$j2EHk%2Ebk%6Gbk%6G6o%2E6o%2Enn5DWljBWloAWlOzkmdzJmdznndz2oLziohAyo5CQoPD6pHEtpzFQp8GGqKGvrKGCsKGfutFevcEcwbCcwiAcw6zkv%6z$v" /><g i="7" c="263" p="#^5Ibk%5IFo%0GFoRFnnYEIm4E0mVC0mlB0mmA7nozdooz$pozGrjAYseBeu$CeurFeuyGWr%tIPsTGlwVClw5AlwuyquTwvsTw$pTwknDyBloASjHCSjFESj0G0l%0Gbk" /><g i="8" c="264" p="#^Yw5qYwmnLyClzASj9DSjIFSjxHBlnJjnnJ5qnJTsyHCuJFlw9DlwwAlwKyBuYwQsYw5q^pz5qpzQruAYsAB4u9D4uLE4uQFYsWGPrWG5qWGloPFenJE6m9D6mwB6msAfnpzoopz5q" /><g i="9" c="265" p="#^QJXt%QJ$v%uF$v%uFEurDcwzBcwnAcwBzHvPy9vzylujywtjyGr%jyfm%Ewfm%Ewbk%DAbk%DAorDAHsHA8tMABt6BUttBbu0CbuEDbuuFEs%uFfm%oDfm%oDbk%OHbk%OHXt" /><g i="10" c="266" p="%^XyXtXyfmzwfmzwbkOAbkOARm#aBOlSB7l#zCrklDdk#7E$jsF$j4G$j4GlmCFlm#QDlmYCIm#4C2nFB_n#fBVofBkrfBXtQDXtQD$vzw$vzwXt" /><g i="11" c="267" p="#^pJHq%tzHqHzjsLAktQBluvDluXFlulHos%pJhtoIQuOGBvcFlwsDlwLAlwQyFuVwYsVw5qVwmnMyClEASj4DSjsFSjoHAlkJhnpJHq^0H$oMGLnIFLmFEKl8DKlLBKlLAEmMzynyz$o" /><g i="12" c="268" p="#^8y$v%8y$s%8B$s%8BBv8BWwWAFxJAoy1ASymzkz8ynz%8y6yBzTxBzhwBzbwBz$v" /><g i="13" c="269" p="%^2CNv9yfmcwfmcwbk2Cbk2CfmDAfmbDNsHFfm7Efm7EbkSJbkSJfm5IfmeCiBkyiBkygzDAgz" /><g i="14" c="270" p="%^zAcwpxfmZvfmZvbkXAbkXAfmozfmDBntVDfmCCfmCCbkkIbkkIfm1HfmhJntyLfmYJfmYJbkgPbkgPfmzNfmoKcwcIcwvFEnKCcw" /><g i="15" c="271" p="%^ByXtBy4hvw4hvw0fVA0fVAXtJCXtJC$vvw$vvwXt" /><g i="16" c="272" p="#^XIXt%XI$v%UE$v%UEyucDcw7Bcwwzcwky9v8x5u8xss8xPqoyKpFzEorBEo5DEoFEEp%FEtoFEznuE4njEAmGDcm2DPl1CPliAPlwzcn%ixBmMySjoCSjJDSjHEdkFFAk7G8lCGIlNGnmYG1nYGto%YGXt^FECr8DrqBBrqEArq$z$qmzyrmzrsmzhtWzRtuAputBpu8DpuFE_s" /><g i="17" c="273" p="%^Gy$vGy$sGB$sGB$v^0H$v0H$s0K$s0K$v^mP$vmP$smS$smS$v" /><g i="18" c="274" p="#^lLbk%lLfm%dJfm%dJ2vdJQw1JHxRIyy8IrzrHkA1GXAEEzBVCzBiAzBfyZz%LziyiBvz5Dvz6EvzYE6zPFJyeGayFGDxNG7xVGEwVGtv%VGoulG5vaFJv$DlwCClw3AlwtyAuTwPsTwfqTwsnDyKloA$jJC$j3F$jVGSl%VGbk^lzcqlz$rnA8tqBhu2DhuEEhuNF8tXG_rXGbqXGnoNFhnEEam7DamCBamtAgnlzlolzcq" /><g i="19" c="275" p="#^zLXt%zL$v%7H$v%7HgunFcwUCcwAAcwQyDu5x2t5x8q5xdnTyylGASjXCSjkFSj7HLl%7H4h%SE4h%SE0f%rJ0f%rJXt^Az4qAz1sGA5tNB8ujD8uPE8uZF1t7HWr7HZp7H0oXF0nME0miD0mJB0mEAbnAzmoAz4q" /><g i="20" c="276" p="#^EyTt%Ey8h%vw8h%vw0f%zC0feF0fzGofUHMfNI6hHJriHJfkHJIl5JSmvI0oDHzoLG6pFFjpAEvpmCvp%cBvp%cBTt%pDTt%pD$v%vw$v%vwTt^cBsn%FCsn9Fsn7GKm5H0m5Hck5H3jAGji3GyhiFlhyE8hNC8h%cB8h" /><g i="21" c="277" p="%^RH1qIB1qqATtuCTtuC$vOv$vOvTtRxTtuCXgqAXgqA0f7J0f7JXg_GXgLLTtFNTtFN$v$G$v$GTt6JTt^dH2oXEXgIEXglC2o" /><g i="22" c="278" p="#^FyTt%Fy8h%kw8h%kw0f%cD0fmF0fDGlfUHGfJIMgzJRhzJsjzJPm3GHn%4JTt%9LTt%9L$v%sH$v%BD3o%dB3o%dBTt%oDTt%oD$v%kw$v%kwTt^dBXl%cDXlFEXllFLl1GyltGZkVGokVGqjVGAisG0i0GrhmFihJE8hnD8h%dB8h" /><g i="23" c="279" p="%^yyTtyy8hlw8hlw0fiD0fiD8hcB8hcBTtqGTtqG5oPI5oPI$vlw$vlwTt" /><g i="24" c="280" p="%^SvFoEIFoEIPqSvPq" /><g i="25" c="281" p="#^6v2B%6vFy3wVyXwVy1yVyoyiyMyHxMyTv%My8h%Bw8h%Bw0f%vD0f%vD8h%kB8h%kB$vkBVx1BVyLAVzFzCAzykB3xkB0wkB6v2B" /><g i="26" c="282" p="#^_A8h%_ADp_ACraBnsnB7tbCFt$CbugEbuNFbuBGKtpHgtGHvsXHJrXHLp%XH8h%ZF8h%ZF0f%CM0f%CM8h%uK8h%uK$puKOrkKCsaKqtvJjuQIcvBHKvnGgwEEgwICgwqBMv8AgvuzruRyCtDyGsqyKrqyLp%qy8h%kw8h%kw0f%$C0f%$C8h" /><g i="27" c="283" p="%^TCTtTCgoPx8hLv8hLv0fKC0fKC8hAA8hkEomMH8hDF8hDF0foM0foM8h8K8hrFgorFTtLHTtLH$vBA$vBATt" /><g i="28" c="284" p="#^0IXp%RH$v%$w$v$weuDxEsfy1rozRpxAEoTCXmmERlUE7lqFokqFqjqFfiGEvhWDLgCCLg4BLgnAChGzsiGzpkGzUkHzll%qxllqxUkqxCkqxShJyjg1ALezCLe6FLetG4gRHphRHljRHZkXG7m2GgnxD1p5BMqkASrzzXsszOt%RFOt%YFXp" /><g i="29" c="285" p="#^TwvnTwjjsy1h1ALeMCLeBFLe7H7hFIujFIvnFIHr4H_tvFgwMCgwVzgwoyUtTwvrTwvn^mzvnmz8reAJs6BhuMChupEhuhFIsaG7raGvnaGQjgFhinEKgMCKgWAKg8Avimzfkmzvn" /><g i="30" c="286" p="%^WBXtWB4hCz4hCz2feE2feEXtrGXtrG$vCz$vCzXt" /><g i="31" c="287" p="#^1I1k%ZF1kNFAiXEGh6ELgVCLghBLgnAriuz7ksz3naBblrDblnFblMGDm9I2o9Isq9IRsNGzuqFgw2DgwoAgwOy5udxVrdxCndxwjLy8hhALeaDLesFLeIGfgYHKh1I1k^zzDp6AfuXCfunEfubFbt$F6s$FEq$FbpeFiotEpnaDpnlBpnzzDp" /><g i="32" c="288" p="%^TyTtTy8hGw8hGw0fOK0fOK7kII7kII8hrB8hrBbmMHbmMHjorBjorBTtIITtIINqOKNqOK$vGw$vGwTt" /><g i="33" c="289" p="#^Tw$v%TwQp%$yQp%$ykrwA6uZC6ueE6u5FltZFzsZFjrZF6qfFApyE2pACwoiAVnbznn5yQmsxQlPwPkPwqjPwihdy1gEzLeOBLeQDLeAF3g%AFXe%FHXe%FH4k%AF4k%AFUigEXg_BXgBAXgRzAh6zci6z5j6zNjuzjkSzQkrA4l1BjlLCLl_Elm$FRm0HlnLHxouIJpuIfruIqtYGRuqFgw9DgwRAgw$yAu%$y$v" /><g i="34" c="290" p="#^DyTt%Dy8h%jw8h%jw0f%TC0fBF0f3HifxIzfVJzgiLyh7MhjYM$kYMdnYMKp9MBrmLrt3KmuNIgv$GEveF$vuC$v%jw$v%jwTt^bBTt%wCTtMETt4GBtoHjtiIEscJYrMJBqkKdpkKmnkK9lpJDjuI4i2HChCF8hDC8h%bB8h" /><g i="35" c="291" p="%^UBTtUB8hny8hnytlhwtlhw0f2K0f2KtlYHtlYH8hsE8hsETtFGTtFG$vJz$vJzTt" /><g i="36" c="292" p="%^8ybn8ybk8Bbk8Bbn^8y$v8y$s8B$s8B$v" /><g i="37" c="293" p="%^FyTtFy8hDw8hDw0fqC0fTGFqoL0fgR0fgR8hdP8hdPTtgRTtgR$vTK$vTKTtVMTtVM8h2HawyGawLA8hLATtDCTtDC$vDw$vDwTt" /><g i="38" c="294" p="#^fxqnfxJjFzeh4CLeYFLeTJLelMehPOJjPOtnPOiriMNtNJgwWFgwsDgwnB5vjzVthyOrfxHpfxqn^2Arn2AeqGB7sjD0uZF0uBI0uiK4s$L8q$Lsn$LLkgKUiyI0hXF0hkD0hHBSi2AHk2Arn" /><g i="39" c="295" p="%^JCzjzHzjzINemKNemJzjDLzjDLml_Iml5IGpDLGpDLtrJHtrJGewXEewWFtr4Btr4Aewiyewhztr1xtr1xGpFzGpyAml1xml1xzjWAzjWBNeJDNe^lCmlsBGpiGGpbHml" /><g i="40" c="296" p="%^ByTtBy8hrw8hrw0fDJ0fDJ8kxH8kxH8h9B8h9BamFGamFGio9Bio9BTtkDTtkD$vrw$vrwTt" /><g i="41" c="297" p="#^AL5p%ONjq2N8tNKIuwIgwAFgwJBgwozMt3xfr3xzn3xxjpz8hLBLewFLeRILe7Lzg%7L0f%kN0f%kNuk%7LukoKPiSIVhkH$gFF$g6D$guBQiSzFkSzrnSzjqBB8slDYtKFYtIHYtjJHsWKqrAL5p" /><g i="42" c="298" p="#^pyXt%pyem%Hwem%Hwbk%pybk%pytipyjgjzvfeAGetBGe9EGeBEoh%wCJhpCAgDBAg6BAgVAXgJAihJAti%JAbk%LCbk%LCem%JAem%JAXt%ZCXt%ZC$v%Hw$v%HwXt" /><g i="43" c="299" p="#^MyXt%Myfm%Owfm%Owbk%4Bbk%4BGlaD$jaF$jbH$jZHQlgK$jgM$jpN$j8OvkUO$k8PNlpPzmpP3o%pPXt%tRXt%tR$v%5N$v%5Nuo5Ntn$M2nVMDmxMmm9M4mDL4m8K4mfIBn%fIXt%hKXt%hK$v%XF$v%XFgoXF6nBFBmgF4msE4m7D4m4BBn%4BXt%9DXt%9D$v%Fw$v%FwXt" /><g i="44" c="300" p="%^yyTtyy8h7w8h7w0fVB0fnJdsnJ8hZG8hZG0fXN0fXN8hrL8hrLawOIawEAGhEATt3DTt3D$v7w$v7wTt" /><g i="45" c="301" p="#^GIPn%ROPnRO8oROooROZrvM7u9KgwjGgwJBgwszEtcx0rcxrncxIjvzehPBLeMFLekJLeKLVg%KL0f%UN0f%UNCk%KLCk6LcjyJ6i$H0h$F0hdD0hCBUi$zMk$zpn$zsqQBesGD0ufG0uhI0uSJUssLLrKLXp%GIXp" /><g i="46" c="302" p="#^FyTt%Fy8h%zw8h%zw0f%cC0fxE0fHFifSGzfLHJgFIShFIojFIAk7IxlBHumzGZm_HtnLIBowJJpwJarwJqsXIstnIuurH2vvGCvnFPvgE$vkC$v%zw$v%zwTt^dB5m%PC5mEE5mmFsl5GOk5Gyj5G8hPC8h%dB8h^dBTt%aCTt3ETtXEHtPFutnGNsXG4sXG_qXG_ppGjpTFDo1FpocEboGCbo%dBbo" /><g i="47" c="303" p="%^pw$vpw4uPD6mZy6mZyno_wno_wbkzGbkzGfm7z4uxE4uxEFrzGFrzG$v" /><g i="48" c="304" p="#^Fw$v%FwXt%LyXt%Ly4h%Fw4h%Fw0f%0B0f%0BSlLCSjiFSjLHSjpJxl3Lcn3LYp3LBsrJpuPHcwhFcwTDcwHCBvwBZu0Beu%0B$v^4B6q4BYrcC2tlD7uQE7unG7uvH_sEIQrEIUpEI1owH$moGZlUEZlpDZleC1n4B5o4B6q" /><g i="49" c="306" p="#^aJez%kLez%kLiB%zEiB%zEez%SGez%SGvu5FlwFClwsAlwGyIuVw2tVw7qVwmnyyHlcA$jFC$j7F$jSG1m%SGbk%9Lbk%9Lfm%aJfm^UGfqUGloJFcnzE2m0D2mxB2mqA8nkzdokz5qkzPrjA1tjBeu6DeuXEeuVF0tUGNrUGfq" /><g i="50" c="307" p="#^kyez%kyfm%lwfm%lwbk%EAbk%EA1mmC$jQE$jkH$jYIIlBKpnBK8qBK0tPIHu2HlwNElwrClwEAxu%EAez%XCez%XCiB%awiB%awez^BAfqBAer$A7spB0thCDt9DeulEeu$Feu4H7taI$raI3qaIao1H6nVF2mtE2mWC2mLBcnBAloBAfq" /><g i="51" c="308" p="%^LDaw2y8hYv8hYv0fFC0fFC8hHA8h$ExsdJ8hfH8hfH0fMN0fMN8hHL8h5Gaw" /><g i="52" c="309" p="%^Dw$vDwTtIF8h8z8h8z7k2x7k2x0fZI0fZIUgIzTt9HTt9HBqfJBqfJ$v" /><g i="53" c="310" p="%^ByTtBy8hGw8hGw0f9D0f9D8h9B8h9B$lyI$lyI8hzG8hzG0f2N0f2N8h6L8h6LTt2NTt2N$vzG$vzGTtyITtyI7o9B7o9BTt9DTt9D$vGw$vGwTt" /><g i="54" c="311" p="%^lCaw1y8h$v8h$v0fuC0fuC8hrA8hFDfsLG8hKE8hKE0fxM0fxM8hxK8hDNfsMQ8hNO8hNO0f$U0f$U8h$S8hMOawkMawvIKiJEaw" /><g i="55" c="312" p="#^syagsyBfSybfhzNeSzNerANeRAbfgBAfgBaggBLgRAahqAAhSzAhfzAhRy9hsyKgsyag^xv4B%xvZy6w2zFw2zzx2z0yMyuyuyEyXxOypxOyCu%Oyfm%Xwfm%Xwbk%6Bbk%6Beu6BhxVAtyJAGzLzrANycBTwcBawcBxv4B" /><g i="56" c="313" p="#^XBqr%HAqr%oA0mYAamxBam7DamQDnlyEzkyEsjyE9iNDsh0DKgRBKgpAKgJzyh1zmi1zAj1zRj1zbk%MwbkLwRjLwDjLw6heyXfJzLeMBLeeELeBF4gYGohYGyjYGElFFUmnE7oDC7ouC7oeC7o^Oz$v%Oz$s%OC$s%OC$v" /><g i="57" c="314" p="%^Mw_o5E_o5EirMwir" /><g i="58" c="315" p="%^NEGePGGe8ygw5wgw" /><g i="59" c="316" p="%^KyXtKy4hCw4hCw0f2B0f2BDpsF6mvD6mvDbk1Kbk1K6mdI6mNDNpYHXt1KXt1K$v_G$v2B2q2BXt4DXt4D$vCw$vCwXt" /><g i="60" c="317" p="%^8y$v8y$s8B$s8B$v" /><g i="61" c="318" p="#^GEJe%GECglDihhCNidBgkSAVlvAxnvA4qvAXsYAEuqBkwqCyxrDNyGExz%GErB7CoA3Atx0yzu0y2q0y1mPz0jCB$fGEJe" /><g i="62" c="319" p="#^IwJeFz1gvBXimDRlmD3qmD8uEBZwWzPzIwrB%IwxzcyCyazcx9AOvwAbuTAzsTA4qTArnuAOl5A8k$yIiWxghIwCg" /><g i="63" c="320" p="%^UBcw1yfmYvfmYvbkVBbkVBfmmAfmTCYsrFfmPDfmPDbkAJbkAJfmLHfm_Dcw" /><g i="64" c="321" p="%^AyTtAy8hsw8hsw0fkD0fkD8h8B8h8BTt5DTt5D$vsw$vswTt^dB1nGG8hKE8hKE0foL0foL8hAJ8hlE1nJJTtyLTtyL$vEE$vEETttGTt" /><g i="65" c="322" p="#^TI0n%mM0n%mM5p%zK5pUJrrTIJs%MJTt%mMTt%mM$v%uI$v%mHvu9FgwRCgwcAgwuyDuMw_sMwxqMw8nDArltzZjtztitzRgIAOfXBLeBDLejFLeuGOfGHQgGHniGHKjQGCk$Ftl5Efm%yHWquIipTI0n^SCEklE1kTEvjpFYipFjipFIhYEehvELgEDLgSCLglCdhRBGhRBqiRB4jJCqk^WB$mizaoizqqizVrpA1twB9u5D9uJE9u2GOs" /><g i="66" c="323" p="#^7Bbo%7B5mVC5mJDUlxEGl_E3lrFrkrFvjrFmiMEyh5EKgNCKglBKgGABh0AriZz9k%Cx9kCxdh2z_fvALeBCLe9FLesG0gLHghLHdjLHFk$GElgGDmkF2nwI_nwI5rwIHtMG_u1FgwHCgwHzgwfyGuQw3tQwfq%4zfq7zbs7Aet8BguPCgulEgudFqt5Gzs5Ggr5GVp3F2p2EaoOBaovBao7Bbo" /><g i="67" c="324" p="%^fApr0zprpyakpy0fTA0fTAak^9y$v9y$s9B$s9B$v" /><g i="68" c="325" p="%^ZChrEAXt9CXt9C$vrw$vrwXt9yXtJBWpjyfmKwfmKwbkiCbkiCfmPAfmXCzo_EfmODfmODbknJbknJfmpHfmbEVpTHXtnJXtnJ$vOD$vODXtqFXt" /><g i="69" c="326" p="#^Uwzq%5zzqhzgscAit7BjuDCju9Eju4Fgt0Gcs0Gyq0GPo6FUncEZmSCZmSAZmtz$oHyeoIxMn%py2f%sH2f%sHyj%mFyj%mFeh%9Aeh%MzbmjBXkdDXkEFXk1HymrI9orIxqrI2tUGFumFgwCCgw2AgwyyPu3xltUwzq" /><g i="70" c="327" p="%^xDrrPxrr#wxiqKwwpODUeMFUeMFoptIoptIrrMFrrMFXtjHXtjH$vJB$vJBXtxDXt^xDopxDHi3zop" /><g i="71" c="328" p="%^8Boi8Bol8yol8yNi#8yshlyJg#yy_fdzwf#Uz2f8B0f8Bhg#GzvgGz5iGzoi" /><g i="72" c="329" p="#^8y0i%8y0f%8B0f%8BCh8BXiWAGjJApk1ATkmzkl8yol%8y6kBzTjBziiBzciBz0i" /><g i="73" c="330" p="#^$Aoi%$Aol%$xol%$xNi$xshcyJgpy_f4zwfLz2f$A0f%$Ahgxzvgxz5i%xzoi^2Hoi%2Hol%2Eol%2ENi2EsheEJgrE_f6FwfOF2f2H0f%2HhgAFvgAF5iAFbiBFoi" /><g i="74" c="331" p="#^$x0i%$x0f%$A0f%$ACh$AXiNAGjAApkUzTkdzkl$xol%$x6kszTjsziiszcisz0i^2E0i%2E0f%2H0f%2HCh2HXiQGGjDGpkYFTkhFkl2Eol%2E6kvFTjvFiivFcivF0i" /></glyphs></font><font id="40" name="ArialBold Charset1 6NRNLwMuuDm"><glyphs><g i="0" c="880" p="#^iFTr%JIss2IkuDGjvcFiw4DiwHziw4y4uOwjsOwCpOwomtyAk9ALiKCLiDFLiiHFkZIzmVIwq%jAwqlA1s7BUsWBKt6DKtVDKtsEit0FRsiFTr^vFqosFWmJE9m_DnlXCnlPBnl5BbmmA$mmAqo" /><g i="1" c="881" p="#^5JTm%JFunyFtmXEZlkEslmDsl4CsljBlmyAdnyAhpyABrjBys5CvtpDvtnEvt$EXsDFnsUF1r%gJCrKIWteH6vLFiwfDiwpAiwJyvu1xIs1xxp1xjmJyxkqALijDLiHFLi4HMjtINk5JTm" /><g i="2" c="882" p="#^$wkp$wDnQx1mGyqkdABjMBLiGDLiCGLiuIFknKzmnKupnKqstImuAGiwHDiwVBiwhAuvGyGuQx7t$wzr$wkp^wAvpwArrqBtslCvtGDvt0FvtWFtsRGrrRGupRGBnWFAm0FylGDyllCylqBAmwABnwAvp" /><g i="3" c="883" p="#^Bwjs%1ANrfAMsWAitBBPtOCPt7EPtPEjtgFZsgFpsgF0s0FLrLEwrSDjrIzoqByEp3xBo3xJm3x1loyUjJzLiwCLiaFLitGDjMHukgIbm%1FNmPE0meEDlFDdlACdldBdlEABlfASlfAhmfAFmAAVm2BfnNDTnxGuoDHopIIjqIIXrIIJtcH0vJFiwOCiw9AiwCydv3x8uBwjs" /><g i="4" c="886" p="#^aw1j%Qz1j%VCes%YF1j%vJ1j%WEwv%6EMxFDVyeDvzQC5AiCtAMBRA_A2BdAgBfzgBfygBjx2B%$wmyOxxysyxyEzxydAPxOA6x5B1w" /><g i="5" c="887" p="#^KD1j%KDMl%oBMl%oB_qoBAssBRswB6tLBht$BstlCstPCstJD6t%0ENvPCiwiBiwnAiwDz_vUyGvxyavbyGu3yQtYxetYxqr%YxMl%nwMl%nw1j%Yx1j%Yxsg%oBre%oB1j" /><g i="6" c="888" p="#^xx1j%HA1j%HAOknCLiKELi_FLiUGgjPHMjpIPkfJMjeKgjeLLimMLiONLiNOkjNPVjgQ1lDQSlDQIn%DQ$v%bN$v%bNBobNFmQM5mlMnlmLnlEKnl$JPlmJfm4J5nPIXnPIMp%PI$v%nF$v%nFUonF$mbFsm$EVlCEEleEnlADnlNCnl8COlwBdmeB1nZAQnZAIp%ZA$v%xx$v" /><g i="7" c="889" p="#^mA$m%fxrmMxyk2zFjkALiSCLi9FLihGhjpHPjSHFkkIvlkIKn%hIKrhIrtrIfuCI3v3J$v%GF$vxFFvkF_ufFGudFAukErvkDTvkCiwbBiwbziw1ycvUw6uUwssUwmrpxvqXxEpTybpQzJoCBno0EXnYEyn%YEcnYEcmsEOlZDnlCCnlIBnlbBKlGA5mmA$m^YENphE$pSCjqrBCq_AUqkAnrkA5skAPsSAltoBTtdCTt9DTt$DgtCEOsPE7sYEHrYEsq" /><g i="8" c="895" p="%^OxghOx5eeB5eeBgh^Ox$vOx1jeB1jeB$v" /><g i="9" c="896" p="#^mB$v%7w1j%Jz1j%bCEp%TCSraD0rfDKqqDbqCDEp%3G1j%BJ1j%sE$v" /><g i="10" c="897" p="#^Ix1j%VA1j%VAWkwBYjACmjEDLiXELibHLiMIwklKhmlKrplKHsLIvuaHiwVEiwRDiwZCTv5Crv8Bou%8BXA%IxXA^5Bip5BurYBxsQCAt3EAtgFAt3GDsSGFrSGtpSGqn1GrmdFsl$DslLCslWBqm5Bon5Bip" /><g i="11" c="898" p="%^Ox$vOx5eeB5eeB$v" /><g i="12" c="899" p="#^AJ$v%8G$v%8Gnp8GhnVFGmHF2mbFJlIEnl0Enl7DnlqCSlJBlmsB9ncBYncB7q%cB$v%Mx$v%Mx1j%YA1j%YAWkECLidFLilGLihH9jeIzjIIckbJQknJElAJrmAJXn" /><g i="13" c="907" p="#^jG$v%jG2uBF5vrEIviDiw0CiwIAiwGzJvEy8vay6uJx3tJxer%Jx1j%9B1j%9B_o9BJrlBksxBXs0CjtwCGthDGt9EGtREbtyFIsOF_r3Ggr3Guo%3G1j%vJ1j%vJ$v" /><g i="14" c="909" p="#^vDgB%8BgBgzryhypvjxmsjxwpjx_lwyQizz5gbBOd%xDOdRBuhdB4kBAGmBAApBABrYAHtkBNv_BHxpCWyvDgB" /></glyphs></font><font id="50" name="Arial Charset1 6DOP2rksQyA"><glyphs><g i="0" c="880" p="#^SBgB1AZyMyUvwxPswxwpwxCmsyXjyzSgSBOd%rDOdYBkgtBqhKA5jiAXkNzdnNzxpNzovrDgB" /><g i="1" c="881" p="#^Mw7s%XyNr6z4tXzNtNAuuiCuuPDuuyETthFfthFqshFGrDEfraEYqnCvqYzUp0zsp4y$oBxdo7xqn7xtm7xBlwxSkVx7kByDj6zfj$z$iUAKiVBKirDKiBEajLFCjiGmkRG6l3Hnm%VEGmLEFl2E6llDyk3CykyAykUz2lfzylfzcmfzEmwz_mNzknmAznHAHniC7oEELozF9puGyp0HjqyH3ryHbsyHhtUGfufGdv1FMvQDiwjCiwNziwsyfv7xbuMw7s" /><g i="2" c="882" p="#^sC1u%MCZvQBaw5BawUzawezOvAypvjyOu2yau2ybs%2yKk%qwKk%qw1j%2y1j%2yPf%fAve%fA1j%sC1j%sCKk%fAKk%fAjsfAgtmAxttAOtKAZt$A7uuB7uRB7usC1u" /><g i="3" c="883" p="#^Dx$v%Dx1j%Cz1j%Cz_kmACj$AajEBKipCKiwDKiGErj%UDtl5D$kiC$kAB$k$ArlrASlbADmQzOnQzcp%Qz$v" /><g i="4" c="886" p="#^xGPr%OI6sfI5uOGcvlFiw5DiwfAiwAyyuWwNsWwDpWwlmByykhAKiZCKiAFKidHvkTIgmTIupTIGpSI4q%bz4qizcsoAltuBuu6DuujEuuaFRt1GctxGPr^jzgo%zGgopGDmJFPlFEyk$CykuByksAzlqzzmjzgo" /><g i="5" c="887" p="#^QwwpQwVlQyakvAKiVCKiAFKihHuk_Iem_Ikp_IQrdIgttHIu1GvvCEiwVCiwbAiwvyyuQwOsQwwp^5zvp5z$raAftfBuuVCuuyEuuDFetJG_rJGqpJG0nDFNlxEykVCykfBykaANl5z0n5zvp" /><g i="6" c="888" p="#^4zgB%vxgB9Bov9Bxp9BenDAZkcA8jtzsh_ymgvxOd%4zOdnBSgtCXjqDCmqDwpqDPs8CUvTAZy4zgB" /><g i="7" c="889" p="#^Ex$v%Ex1j%Cz1j%CzRkdAUjeBjjfCKiyDKi_EKiVFkjQGWjcH$kLIKidLKi8NKiaOOjdPSkdP5n%dP$v%0N$v%0NQn0NvmOMWlBMll1M$ktLEkJKEklJEkrIylyHsmyHso%yH$v%lF$v%lFznlF5mOEnlgEEk2DEk7CEkkB7lyAClbAymRzunRzgp%Rz$v" /><g i="8" c="895" p="#^6GpuTErvLDTvDCiwkBiwbziw2yfvVwcuVwAsVwDrkxRqMx2qtyApaz5p2ARoHAGo$BvoFEcoWFMnXFjnXFbnXFRljFhltEykPCykgBykwA5lNzDlrz0n%hxJmzxkleyukVyEjaAbjsBKi7DKiNEKiPF7jSGvjlH5kQHHk0IBl8I9m8IDn%8Izq8IDthIruqIfvRI$v%yG$vcGjv6Gpu^WFupJEZpjCjqZAvqpALqSz$qyztrfzXrfzwsfzotVz_tAAAuSBAu7DAu6E0u5FstzFusWFLrWFhq" /><g i="9" c="896" p="#^Ex$v%Ex1j%Dz1j%DzSk2BKiLDKiWEKiVF9jUGzjnHfkSHXk3ITlbIumbI$n%bI$v%_F$v%_F6o_FMmJF5mtFqlPE1l9EEkhDEkTBEkSAxlRzqmRzVo%Rz$v" /><g i="10" c="897" p="#^ex4x%nzoxwzny7AQyXAszmCszTDszIEQyxFdyQF7x$Frw_FiuyE$vpC$vKz$vgy3uOw7sOwrpOwAntx0m8yrkpzBjHAKipCKiIEKibGBk%bG1j%dI1j%dIeudIgxBHxy_GOzEFxAjEgBmCgB2AgBCydAbxazex4x^3zhp3zQr4A0t5BbuCCbu7Ebu8F0taGRraGlpaGZm6FMl3EykACyk6Byk4AKl3zWm3zhp" /><g i="11" c="898" p="#" /><g i="12" c="899" p="#^SHUtNG5vvFIvdEiwKCiw_ziwnyru4xWs4x3r4xop8y3oczJmkBJl7AkkJztjkzBikzNhkzagAA_eRBOdLDOdBFOdLGWeWH1gWHChWHakxE_l%LH2qiI_oCIzn%UK2oiKoqiJVrxKyt5MFu%CKpwhJyvSHUt^pDykPEJjeF4jFFriFFGhFFMg4FbgvECfEDCfMCCfaCbgBBLgBBAhBB$hOBsi0CVirCqj^uG9s%tC8nHAco3A7psz1qszWqsz$rjAbtaBmuMCmuLDmuOELtRF7tuG9s" /><g i="13" c="907" p="%^FxDgFx5eSz5eSzDg^Fx$vFx1jSz1jSz$v" /><g i="14" c="909" p="#^Hz$v%Ex$v%Ex5e%Rz5e%RzukeBKioDKiAEKiEFdjJGHjpHzk5IrluIGmUIVnUIjpUIEseHtuBFiwhDiw_AiwHzmu^FzppFzKrhANsjBuu4DuuwEuuzFetDGZrDGvpDGYmCFLlCEykbDykLBykIAOlFz2nFzpp" /><g i="15" c="930" p="#^ay$v%ayKk%ewKk%ew1j%ay1j%ayEhaylgoyIfJyRewzkejAOdLBOdHCOdPD0e%uDWfOCPfbCPfbBPfMAegmAFgmAQh%mA1j%UC1j%UCKk%nAKk%nA$v" /><g i="16" c="975" p="#^kxdnkxXley2l8z8kpA8kHB8kBC2lwDXlwDdnwDvoBCqpHBkqpAkq8zkqeyqpkxvokxdn" /><g i="17" c="1300" p="#^Wx$v%Wx5e%FE5erG5eoHfeIIueBJ5fuKIf1LQgALXhALgjALyl7K8nGIJoTEJo%iAJo%iA$v^iACm%VECmcHCmaILl8JUk8Jlj8JdizIqh$HCg4HmgtGcgSEcg%iAcg" /><g i="18" c="1301" p="%^Bx$vBx5eOz5eOz$v" /><g i="19" c="1302" p="%^2y$v2y5e7K5e7KcgqAcgqALlPILlPISnqASnqA$v" /><g i="20" c="1303" p="#^4G$v%4GmuQEiwrCiwUAiwAzrvhyAuzx2tSwwrSwwpSwAnvx$l8ypkrzAjKAKikCKivDKipEejkFJjVFvk%VF5e%6I5e%6I$v^7zwp7z$raAftdBuuECuu5Euu5Fjt6G7s6GIp6G1n4FOl2EykyCyk4Byk5ALl7zXm7zwp" /><g i="21" c="1304" p="#^dy$v%dyvt%JAvt%JA$vJAnxdAdyKz4zHyyz%4yCyMyiy5zIxqz6xsz$v" /><g i="22" c="1305" p="#^8G$v%8G5uDEiw0CiwTAiwTzSvTypvoyKuWx3uJx6tBxtsBx3r%Bx1j%Oz1j%OzdqOzXrWzys7AptOAVttBpusCpusDpujEVtaFotxFwsVFErVFZp%VF1j%6I1j%6I$v" /><g i="23" c="1310" p="#^HKIp%3NiqjMdtnKMurIiwFFiwLCiwXA7v8zXtbyIrfxtpfxUmfx5kjy0inzXflBSejDNdHFNdmINdbK9f0MwgLM_i%qKyjOJBhCIIgqHPfDFPfADPfbCOgOANheAsjHz6lHzUmHzaplATq0BAspCqtPDgusFgurHguPI7tbKZrHKIp" /><g i="24" c="1311" p="%^0A$v3w1jky1jpAwq9Bit#bB5tQBDqVD1j9G1j5IyqJI1tuJwqIL1jRN1jNJ$vwH$vsFeoXE0miC$v" /><g i="25" c="1312" p="#^ExZA%Ex1j%Ez1j%EzIklAJjeBej7CKioDKi2FKijGBjBHrkeI$lUIynUIppUIpraI$ssHBu5GsvKEiweDiw8CiwgBQvoAmvRzEu%RzZA^DzApDz4sDAhtEBuu4DuuxEuuAFftDG$rDGopDGVmBFHlAEsk9DskMBskHAMlDz4nDzAp" /><g i="26" c="1313" p="#^6Gfr%gIyrVHMtrG1v_EiwTCiwcAiwByzu_wPs_wzp_wsnGxTlnyikNzwjcBKiTCKi$EKikGOjGHSk3IRm%WFanCFSlQEcl3EykZCykjBykhAKlfzWmfzvpfz6seAiteBuuRCuu8Euu$EHtTFUs6Gfr" /><g i="27" c="1314" p="#^8xfq%nz2qxzor6AfsHA6tUBFt6DbuEEbu_Fbu0HNt3IntzIGs4JZr4J7r4JiqBIGp6I1p_GCogGkoODKnkB8nlACm3zXlryYkPxYjPxJiPxmhAybglz$ePAoeiCNd5ENd5GNdCHqe7J2fXJigMKyhQK7j%zIijnIBhjHKggGTfcETf2CTf3BFg5Arh5Azi5AwjNA8ktBMklEqleH4mjIzmSJhnCKoomLvpmLXqmLmsxKDtJJUubIBvFGiwLEiwkCiwHABv2zTu6ystbx1s8xfq" /></glyphs></font><font id="60" name="Open SansItalic Charset1 6pytNwT5Gbc"><glyphs><g i="0" c="384" p="#^$BfwLzfwtyWubxAtbxdrbxWo5yQm$yJkvAyj0CniPDniHFniDGbjzH_jzHslzHEnxFVowD9qKz9q%lz9q%hz7rhzKs1AEtOAxumCxu8DxuXDjuLE4uZFvt%ZFhvPEPvXD1w3Dfw$Bfw^HD7krC7kkBgleApmEzso%NzsoACso2EKnxF$mxFClxFZk4FykEE7kHD7k" /><g i="1" c="385" p="%^HBIqtx$v5v$vUA5pZxDi2ADiaCEncGDizIDi0Dbp5G$v1E$v" /><g i="2" c="386" p="#^ODniWEniOF_iGGAj9HJk%iHJk%6IDi%GJDi%PG$v%cF$v%wFst%qFsteDfwPAfw7zfw9y2vbxQtbxJrbxbp2y0nVyQkrACjZBniODni^tByuFCyuQDqt$EhsKFtqtGFotGQmtGAlNFRk5F5k_D5kJC5kDB8lxAbmVz_nhzNphzMrhz9tSzStrAyutByu" /><g i="3" c="387" p="#^aCfwOzfwuyXubxDtbxfrbxOo5yKm$yGkBAxjbCniaEniRFnirH_i%TGIkpF5kcE5kPC5kHB1lzAYlWzDnhzhphzerhzPs5AHtVAyulCyudDyu$DiuNE2uxFJt%xFtv1EfwaCfw" /><g i="4" c="388" p="#^PAAuuBAuACfu%ACQv9C$vyB7wXAfwzAfw2zfweywvqxNuqxltqxysExwr%bzak%5xak%gxhj%wzki%2Byf%fCyf%ABDi%WEDi%BEak%fBak%HzyrtzCstz9ttzRtPzduaAAuPAAu" /><g i="5" c="389" p="%^Ky$vHw$vKA$cOC$c" /><g i="6" c="390" p="#^bxDi%ezDi%8AgpgA6qnALrvAntvAou%zAou$AktDBYrgCAqAC2q%yGDi%JIDi%dAgy4zmAZxaBSw$Biv$Bqu$BBtKB%Bt4AmujAbvjAbwjAUwHzCx4zhySx%dzcw" /><g i="7" c="391" p="#^5Cgk%$B_jZCNhjF9e%TG9eUEMinEgk^zxgk%vx_jHyqhOA9e%lC9eyAmiSzgk" /><g i="8" c="392" p="%^0G$v2x$vPA9eNJ9eoJ1guC1giBLlJHLlnHCnVACnwz8uqG8u" /><g i="9" c="393" p="#^ZEcsZE6uCDbvgCfwPzfwLxfw5wov%5wttXw_tWxguVyyuMzyuiByu4CXtSCktSCnsSCGrrCcr0CJqBAUp$y$oly9oHxinHx6mHxrkWypj9AniaCnifEnicGgj%xFYk%SEEkDD7kaC7k1B7knAFkKzalKz0mKzHmaAbnCAHnZBsogDbpQDJppEeqHERqZErrZEcs" /><g i="10" c="394" p="#^ECfwtBfwzADvGz$udzWt%5zWt%ey$v%Jw$v%KA$c%OC$caCYfQBxhvB5jVAbl%0Bbl9CLjfD4jmEpixFpigHpidICjbJPkbJWmbJuplIFrvHPt0G1vxEfwECfw^WE6kLD6kxCgljBqmBAboUzXpUzMrUz6tzAQteByuwCyuKDyuMEztPFzssGLq5HWo5HTm5H6kWE6k" /><g i="11" c="395" p="#^My$v%Jw$v%zzDi%DBDi^8Acf8AwexA5eWAFdyBFdDCFdDCLeDCqfcCUfOBlgfBlgNAlgsA2g8ALf8Acf" /><g i="12" c="396" p="#^UE$v%IGynWGpmWGVlWG6k7F6k1E6k$CQkZBylbBWmpAho$zdq%My$v%Jw$v%KA$c%OC$cAC$dnCXeaCTfYBRgKBPhuBUieBYjVAbl%2BblbCHjiD2jqEpiEFpifHpi7Ihj$I9k$IMl$IwmJIOneI8qXG$v" /><g i="13" c="397" p="#" /><g i="14" c="398" p="#^qJDi%6JWj%yGdk2HZk2H8m2HtoDFSpcEfrPBfr8BfrOA8r5zOr5zLs5zftvzqtVzAtGAHt%5CRtjE7uiFXuiGKviGhxiGxzwEMAKC$Bvz$B7x$BNv5BrucAruzyruhxkvlwcwpvayLudxfudxgtdxqsQxQrsydrzzHqOyiqjyypQxNoQxMnQxolhzUjKAni0DniZDniUEDi^qwmyqwizcxRz$xpAzzpAOBpA2DDziESyiErxiEHwDDfwZCPvoBEv%szsv_xLvcxwwqwhxqwmy^PzInPzKomAhpVAQpUBQpSCQpADjpiEOoGEVn3F$m3FYl3FYkwErk_DVj_CVj1CVjjBpkCAUkcANlPzFmPzIn" /><g i="15" c="399" p="#^vBDi%Gz5rszbsszOsszyueByujCyulDPtnE4taFJr_FlqoGpo%CHDi%EJDi%PG$v%7F$v%oFwt%fFwt2E2vYCFvTBfwJAfw9zfwgypvnxyunxZsnxdsExTq%qzDi" /><g i="16" c="400" p="#^ODpi9GpidHJk%lHJkyHQiUHnh%RI$c%TK$c%RG$v%8F$v%qFst%jFst4EZu$CCvXBfwOAfw5zfw8y2vbxRtbxJrbx6p3yXmYyMkrABjXBpiODpi^tByuDCyuRDpt3FgsMFuquGIouGTmuGwlPFPk9F6kWD6kHC6kDB6lzA6mWzXnhzMphzMrhzyutByu" /><g i="17" c="401" p="#^UE$v%IGynXGgmXGNlXG0lvGzk4G5k7F5k1E5k$CQkZBylbBVmpAgo$zbq%My$v%Jw$v%zzDi%fBDi%$A5l%7B5liCBjnD_itEniEFnicHni5Idj$I3k$IBl$IzmJINn%ZG$v" /><g i="18" c="403" p="#^Ju$BTt$BctKB%ct0A_tiAzuiAuviA$vxzvwNyOwnx%zzak%dxak%nxlj%Uzyi%aAkhKATeJBTdJCTcGETc9FTcSF0dAG8dZGjd%rGUewFyeMEyeIDye8D8fACJfdCih%VBDi%PEDi%wEak%DBak%NyzxjyTzjxXAkw$BJu$B" /><g i="19" c="404" p="#^RDsi9GsivHQjRIblRIBnRIUpZHXr5HZtAF5v4EcwbCcwRzcwwyQubxrtbx2rbxJo4yGmZyDkuAyj$BsiRDsi^JGjnJGVlYF2lcFakUDakzCakvB4lsAZlSzAnhzbphz8rhzLs3ADtRAvuiCvuzDvuAECtBFIs9G3rJGqpJGjn" /><g i="20" c="405" p="#^9Fni0GniEGxi%cGnkyFdkWEdkPDdkQCYkSBGl7B_mpAho3ASp%My$v%Jw$v%zzDi%fBDi%$A5l%7B5l$BXjzCrj8DWiMDFipEni9Fni" /><g i="21" c="406" p="%^Jy$vbxDiezDi0A5q#jAftjAwuoAwu#XB9rAC_pyGDiJIDivB$v" /><g i="22" c="407" p="#^ECfwtBfwzAEvGz0vbzWt%3zWt%0zou_yHuUyevOyNvvx$B%tv$B%zzDi%fBDi%YAal%2BaleDpiBFpigHpidIBjbJNkbJWmbJvplIGrvHRt0G2vxEfwECfw^WE6kLD6kxCgljBqmBAboUzXpUzMrUz6tzAQteByuwCyuKDyuMEztPFzssGLq5HWo5HTm5H6kWE6k" /><g i="23" c="408" p="#^uE$v%iGynwGomwGUlwG1l8GzkMF5kRE5kPD5kRCQkTByl8BWmpAho$zbq%My$v%Jw$v%zzDi%fBDi%$A5l%7B5lbCEjeD0jiEniqFniOGnixHajhIYjqInl%wInlzJRjLK6jXLni8NniHOnixPcjoQ1koQCloQrm7QNn%mO$v%hM$v%5OynlOgmlOMllO$kWNykvN5kBM5kCL5kEKOkGJvlXIPmdI6oRHUp%yG$v" /><g i="24" c="409" p="%^qE$vEv$vWvzunE9kyy9kTyDiUGDiyGkkeytuJEtu" /><g i="25" c="410" p="%^Fwgq5xloXClowCgq" /><g i="26" c="411" p="#^Ju$BTt$BctKB%ct0A_tiAzuiAuviA$vxzvwNyOwnx%zzak%dxak%nxlj%Uzyi%aAkhKATeJBTdJCTcGETc9FTcSF0dAG8dZGjd%rGUewFyeMEyeIDye8D8fACJfdCih%VBDi%PEDi%wEak%DBak%NyzxjyTzjxXAkw$BJu$B^CG$v%zE$v%pHDi%tJDi^_Hcf_HwenI5eMIFdoJFdtKFdtKLetKqf2KUfEJlg5JlgDIlgiI2g_HLf_Hcf" /><g i="27" c="412" p="#^oF9eGK9eGKfiGKZjCJ9lyIlmCGIm%CGPm0IcnMIaowJ7pwJtqwJ2tFHxuPF$vHC$v%2x$v%PA9e^iBOl%jEOldGOlmHVkvI0kvItivIchHHAgTGYf7FYf%yCYf^vzeu%LCeuYEeu8GftkHgskHtqkH3ppGjovFznODzn%VAzn" /><g i="28" c="413" p="#^iC9e%oCqeVBxf1B5haAEi5zgk%wxgk9zDg$z9e^OG9e%WGqeMFWgADgk%0CgkJCJiqDXg8E9fuE9e" /><g i="29" c="414" p="%^XB$vRz$vdD$fgy$fGy9eHK9ekK$flF$f" /><g i="30" c="415" p="#^aD$v%4B$v%tDRkbEFhxEtgWD6hRCQh%GAaj%HzCh%9F9e%_G9e" /><g i="31" c="418" p="#^0Jnj0JKlkIkoFHWqxGKsqFxuQDovfCfw8AfwuyfwbxPv%bxVtQyuubAuuFCuuaEMsIF1ruGmn%nGmnLFhoLEPoLDlpyClptAlplz8oeyXmeyCkeyLi0zbhPzDfdBMeECUdnEUdBGUdOHif0JHg0Jnj^jEDfuCDfnB$ggAnigAxkgA2mWASmBBGnVCGnRDGnDEknpFZmXFkmuGGlKGXk_Gbk_G4j_GuhgGzgyFDfjEDf" /><g i="32" c="419" p="#^1FTd9HTdlIXeyJ_fyJOhyJnjBIykEHJllFHmUGEnxHIobIMpbIarbIGssHRtJG$ulFDvZDfw7CfwOzfwuy2vaxRtaxNraxZpkyFouzknXBpmNAzlhAEkNzJjNzyiNzbhsA7g7B2fkCtexDTd1FTd^qDsn9BaodAcphzdqhzGrhz_s7AMtZAxulCxu1Exu2FDt3GJs3Gdr3G0qqF5pOEaoqDsn^UEEfvDEfGCrgRBehRBziRBzjjCkkOC4lSDLlQF0lEG8ktHgjtH0itHWgMGhg3GEfUEEf" /><g i="33" c="420" p="#^uHLfnFLfHDXg0C6i1Bpk2AHm2Aop2AGreB2tqCpuwEpucGpurIIt%rIwvoHVvrG4wuFfw8EfwbBfwvzquQxBsQxrpQxfm6zvjpALgACkfLEUduHUdUJUdKLSe%UKAgdJLfuHLf" /><g i="34" c="421" p="%^OG$vNv$v8wkuqH2gqz2gPz9ehK9eZJRfHy7ucH7u" /><g i="35" c="422" p="%^fE$vdCag7Cag#1C2hMBAi#wB6kjB0l$y$v0x$vOA9eMD9eBFRsIFRsKN9e_Q9eiN$vaL$v#IMOowNYk#lO5hGO9gBO9gRF$v" /><g i="36" c="423" p="#^WFkq%Szkq%Tw$v%zu$v%jE9e%rG9e%HI$v%CG$v^IFqo%gFMk_EAiWEvgtEzhXDDipDHjUAqo" /><g i="37" c="424" p="%^2x$vRA9eUC9e5z$v" /><g i="38" c="425" p="#^8KLi8KNl8Ion8G_ogC_o%DA_o%7z$v%2x$v%PA9e%RE9esH9eOIjf8Ksg8KLi^$Acn%DCcnfFcnCG5m_HZk_HQi_Hih8HDgiGYfxEYf%yCYf" /><g i="39" c="426" p="%^eJ$vcH$vXICnUACn7z$v2x$vPA9eUC9eiBLllJLlZK9e0N9e" /><g i="40" c="427" p="#^HAAo%7z$v%2x$v%PA9e%JE9eaK9eaKCiaKSmGF5o%BI$v%jG$v%MDAo^uCZfeB$l4BOm%7DOmuFOmLGMl0IJk0IMi0IihbHEgnGZfwEZf" /><g i="41" c="428" p="#^ww5vww9u$wCtvx2tny2tUy2tdzmtyzGtyzkuyzbv2zNvzymwKxmwaxmwRw1wwwJvww5v" /><g i="42" c="429" p="%^8G$vLFEo#IFvnIFxmIFEkBFEk_E4mZDoopA$vYx$vqxDiqzDiEzSpEzXq#EzKsyzduDzdu#bAIsiBiqUEDi6HDizHSp#EHWrEH3tEHItCHduHHdu#1IatIIzr#nJXpEMDiPODiEI$v" /><g i="43" c="430" p="#^az4rrzup2AtoGArn4CkmED6l7EAkCE1kTEqj9FPi9F3i9FWgxEjgWDIfLCIfLBIfRA0gYzjg8zIg%oy7fwzveKAceZBUdZCUd$EUd7GWefHXffHPhfHjjrGAkEFRlHDjnaCqoDB6p5BOpPA4r^Wx5vWx9upyCtUy2tMz2tiA2tDAmtYAGtYAkuYAdvrAOvXzmw8zmwAymwfy1wWxJvWx5v" /><g i="44" c="433" p="#^yz5t%Ezmtgyewlwdz%MudzjwJvgx5t" /><g i="45" c="434" p="#^$wGs$wxosy0lWzvh8D9e%3F9e3CrhxA6l$yMo$yEs$yNwoAYz%NyYz$wIw$wGs" /><g i="46" c="435" p="#^0GFm%DLFm%KJkv5HfwDEfwpBfwCzuuQxJsQxypQxgm3zAjiATgvCofIEUdnHUdOIUd2K8eiLnezMVe%MLMgQKmgKJ3gFILfnHLfjFLfCD_gWBdi_Ask2AGm2Aqp2AKriB4tyCpuOEpuGGpuZHWt%8Jwo%CFwo" /><g i="47" c="436" p="#^8HPq8HotqFQuIDfwBAfwizfwjy3wkxUvtwtv%twptsyruDAruBCruLDwtWEAsWEZqWE0qhEipEDzoUBzn2AxmkzvlCyskCy1jCyLgdAkfRBUdtEUdGFUdJG7eMHleWIVe%6ILgjHhgjG0gjFLftELfPCLfQBBgRArhRAUiRAyj2B0kfBukIBVk9CklrD3meF8nSFLnuGmoPG6p8HRp8HPq" /><g i="48" c="437" p="#^5Csl5CCpCA8t7zFwXvYz%2uYz5Adt5Asl5AhhJy9e%jA9e5Crh5Csl" /><g i="49" c="438" p="#^0Aap%rGDi%UIDi%aDjo%MG$v%uE$v%DBBp%Mz5r%My$v%Hw$v%JA$c%OC$cVB5hcBlkwABnZzap" /><g i="50" c="439" p="#^iC9e%oCqeVBxf1B5haAEi5zgk%wxgk9zDg$z9e" /><g i="51" c="440" p="#^EC$BNB$B7BKB%7B0ASBiAwCiAmDiATDBzpEUyJEnx%uHak%DBak%NyzxjyTzjxXAkw$BJu$BTt$BctKB%ct0A_tiAzuiAqviAZvAzvwTyOwnx%zzak%dxak%nxlj%Uzyi%aAkhKATeJBTdJCTcGETc9FTcSF0dAG8dZGjd%rGUewFyeMEyeIDye8D8fACJfdCih%VBDi%OHDi%5IihEIUeDJUdCKTcBMTc5NTcNN0dtO8dVOjd%mOUerNyeHMyeCLye2LafuKNf8Kih%RJDi%MMDi%sMak%yJak%JGzxcGXzdFZAeE$BEC$B" /><g i="52" c="441" p="#^aN9e%GKXp$J9tfIIuwGfwwDfwIAfwlz_u$xIt$xkr$xkqhyTo%BA9e%GC9e%lA1p3Akq3Akr3ALsYAAtSBpuDDpuJFpuTGlt2IgsBIOp%5L9e" /></glyphs></font><font id="70" name="Symbol Charset1 6lJ6fOKBsZx"><glyphs><g i="0" c="256" p="#^dGXodGNqVE5sBDptLBptVzptBy5shxNqhxXohx5nByOlVzukLBukBDukVEOldG5ndGXo" /><g i="1" c="257" p="#" /></glyphs></font><font id="80" name="Rockwell Extra Bold Charset1 5dWnZeC0Ljc"><glyphs><g i="0" c="256" p="%^vH8w9C8wnx4jcw4jcw0f$E0f$E4jKD4jKFoqgI4j0H4j0H0fpO0fpO4j9N4jKPoqLR4jxQ4jxQ0foX0foX4jdW4jnR8w6M8wPJCp" /><g i="1" c="257" p="%^2G$v6x$v6xWrpyWrpy4j5x4j5x0f2G0f2G4jZE4jZEGlVIGlVI4jOH4jOH0fLQ0fLQ4jtP4jtPWrLQWrLQ$vOH$vOHXrVIXrVI9pZE9pZEXr2GXr" /><g i="2" c="258" p="%^BEkj$C1o1G1o^$C$vhw$vhwWrzxWrLA4joz4joz0fBL0fBL4jdK4jtNWrJOWrJO$vSF$vSFgslHgsHG8qlC8qCBgs$Cgs" /><g i="3" c="259" p="%^9K$vDA$vDAWr5CWr5C4j8A4j8AamYwamYw0fNN0fNNamBKamBK4jFI4jFIWr9KWr" /><g i="4" c="260" p="#" /><g i="5" c="261" p="%^zG$vTw$vTwWrryWrry4jTw4jTw0fzG0fzG4j$E4j$EWrzGWr" /><g i="6" c="262" p="#^YA$v%7x$v%7xzq%YAzqDBNswDNsUENsUEGrUE5rpEJqVDjqfCApaAEoczYnhyknExem$w8l$wQj$wshxy7g3AOeiCOewEOe4G3g%4G0f%WJ0f%WJSj%7GSjqFShFDShpCShpCVipCqjMCHj6DYjZESkuH5mjIHmLIZmbJtnEJZnXJwoCKIpCK5rCKet0JIuqHdw0FdwMCdwYAUu" /><g i="7" c="263" p="%^ND$vPw$vPwWriyWriy4jPw4jPw0fRE0f1LUn1L4jEJ4jEJ0fvQ0fvQ4j0P4j0PdwqJdwgCYlgCWrNDWr" /><g i="8" c="264" p="#^1y4j%Kw4j%Kw0f%qF0f%qF4j%CE4j%CEOoCERq$EBroFkspGksfHksDHIr0I5r0Icp%0I4j%9H4j%9H0f%yN0f%yN4j%cM4j%cMdpcMArwL4tQKAueJqvFHgwkFgwtDgw1CPvzAmvIzsuRyAtsyjs1y4r1ywo" /><g i="9" c="265" p="#^2FLi%2FZl%MFZlcHZlJHTlgIOlEIol1J0l1Jlk1JHjEIijgIViHHPi7HLiEFLi^kG$v%5x$v%5xWr%uyWr%uy4j%5x4j%5x0f%jG0fzH0fDI3fHJ5frKafcLffQLofCNMfKO1hSPkiSP4kSPplaPtmuOxnnN2o%JPWr%XQWr%XQ$v%PK$v%7H3p%2F3p%2FWr%kGWr" /><g i="10" c="266" p="%^2N$vUw$vUwWrpyWrpy4jUw4jUw0fAG0fAG4jZE4jZEXr_IXr_Idp2Ndp" /><g i="11" c="267" p="#^AKvo%$O2qrONsqMwunKgwOGgwVBgwzzItdxardxvndxPjwzehQBGewFGevIGeoK8g%oK0f%tO0f%tOcl%eKclVJ2k7JnjlIJikHJiAEJiAEtnAEesrHesXJesAKvo" /><g i="12" c="268" p="#^jFLi%jFWl%BGWlXHWlyIBl8Jhl8Jmk8JMjPImjwIYi$HRivHLikGLi^0H$v%5x$v%5xXr%LyXr%Ly4j%5x4j%5x0f%vH0f5L0fLMHfqOpgcPDh_PSi_Pjk_P6m2Phn7OuoBM0p5LxpYHxp%jFxp%jFXr%0HXr" /><g i="13" c="269" p="#^xG$v%rA$v%rAzr%xGzr^5Fop%UBop%ABBlcCPl0DPljEPlYE9lCFwkCFBjCFHi2F6iuExhxDxhLCxh9CZhyBriyBxj%EwxjLw6hNyTfOAGeUDGeCHGeqJ3gfLuhfLyjfLPlwJ2nNHiokFio" /><g i="14" c="270" p="#^CEsnCEhqaFgrHFhsPGhsWHhstIjr1Jkq1Jsn1JFkuIFjZHFiPGFiJFFiaFCjCEAkCEsn^fxsnfxklhyljjzmhtB0geCxf2DffSDZePEQeMFGePGGenLGeUNlh7PFiMPckpQKlpQsnpQ0rPNEtdLgwPGgwyCgwVzOtfxlrfxsn" /><g i="15" c="271" p="%^YG$vEw$vEwWrryWrry4jBw4jBw0fjN0fjNBkNIBkNI4j$E4j$EHlVHHlVH8p$E8p$EWrYGWr" /><g i="16" c="272" p="%^kN$v7x$v7xWrryWrry4j6x4j6x0fkN0fkNrkSIrkSI4j0F4j0FIlmIIlmI9p0F9p0FXrSIXrSIzqkNzq" /><g i="17" c="273" p="%^FD$v4x$v4xWrnyWrny4j2x4j2x0fhH0fNJAllM0fxW0fxW4jbV4jbVWrzWWrzW$vIN$vINWr2PWr2PriWJ$voH$vjCzijCWrFDWr" /><g i="18" c="274" p="%^tN$vJw$vJw6s4FLiQALiQARkXwRkXw0fqN0fqNsiDEhswJhswJYptNYp" /><g i="19" c="275" p="#^ZJ8q%eI8q%eIXm%QPXmQPIprP3r2PmsRNItFM1vZKEvhJgwmHgwuEgw8CivNznuvyesdx6qdxundxwjQz5hpCGeaGGejJGe5Lbg%5L0f%bP0f%bPXk%5LXkzKQjHJhjQIJiHHJi4GJijFMjAEPkAEDnAEqqmFqr8GrsFHrsZJrsZJ8q" /><g i="20" c="276" p="%^aI8wUC8wtx4jdw4jdw0flF0flF4jVD4jrGkq4J4jHH4jHH0fyO0fyO4jhN4j" /><g i="21" c="277" p="#^aF4j%aFXr%NFXr6IXrPIIqvJtpvJBnvJtmcJnlUIgk7IGjmH4jpF4j^aF$v%gx$v%gxWr%CyWr%Cy4j%gx4j%gx0f%pF0fbI0fXJlfJLHfhNLgQOQhJPFj9QykoQylDQymDQEnDQRpGPGrLOutkNruXLpvgKIvDI$vaF$v" /><g i="22" c="278" p="#^7FXo%7Fhs%CGhs0IhsEIVrfJyrfJCqfJLpIIkp9IXoAGXo^7FKi%7FRl%AGRl3IRlxIplZI_kZIhkZIHjzIcj9IKilGKi^HG$v%5x$v%5xWr%zyWr%zy4j%5x4j%5x0f%tH0fwK0fbMmfQNKfNOPgJPWhJPpjJPRkQOIlVNAmBMWmoOsnlPAolQKplQ9rlQSseP3u8OfvdMCvkK$vHG$v" /><g i="23" c="279" p="%^ZFJsfxJsfxsnZFsn" /><g i="24" c="280" p="#^YJ$v%Oz$v%Oz4s%cC4s%cCpkxBAkpAAk1AAkOzyk%OzNgXzNg5ANgHBNg3D9gsExf2FFe%CHFe%CH4s%YJ4s" /><g i="25" c="281" p="%^VQ$v6I$v6IWrWIWrcF5nxJ4j8I4j8I0fwQ0fwQ4jbP4jJLim3QWrVQWr^lG$v8x$v8xWrryWrry4j6x4j6x0flG0flG4j$E4j$EWrlGWr" /><g i="26" c="282" p="#^KHHq%fLHq%6L$v%Bx$vAxuvAxtvAx5tBydr7zfq2AjpZAmoiConyEKlcF$kRFekRFtjRFJipFfiZENh4ENhcCNhcC9k%Rx0kZx5hNzTfBBGemEGeoHGegJ3g9Lth9LJj9LalcKpmdJEnuG2pfEaqvDLqKClrkC6s%GH6s" /><g i="27" c="283" p="%^NJ$vvA$vvAWrUBWrUBepBx4jrw4jrw0fjF0fjF4jiE4j6GymhI4jfH4jfH0fNN0fNN4jJM4jsIepsIWrNJWr" /><g i="28" c="284" p="#^MG9s%JDio9CZo9CAq9CArRCmswD8tyE8tGF8tMG9s^mOWr%YQWr%YQ$v%NJ$v%KIIurGgw5DgwWzgwnyRuRwqtRwcrRwcpkyEnQz3m6CtlnB7knBMinBZgMCPf8EGefHGeoIGeUJOe%UJkiLJjiBJjiZHjiZHtjZH0kVI9l%GKnnRLIlHMFj%YQFj%YQ1o%$O1okOjpcNtq" /><g i="29" c="285" p="#^7xeq%wBVpDBCs1ECs5FCsBF1s5Gsr5GEq5GAokDuo%kDJlbEJlXEclHFJkHFMjHF_icFviIE2iTD2i8C2i$BZj%pxKjzxbhozWfcBGemEGeIHGenJ1g2Lph2Lqj2LEklKAlEJxmrIVmYJenPKioGLnpGLVqGLltEJLuCH9wjE9wZA9w4zHudxft7xeq" /><g i="30" c="286" p="%^iAonTEonTELi^JL$vRC$vRCysTEysTEpqKxpqOwSmJEGeZJGeZJonJLonJLpqZJpqZJysJLys" /><g i="31" c="287" p="#^$wqr%qB9r$BysGDysFEyslF$r0Gtr0Gjq0GbplFFoGE9oND9oqC9ouB9p%NxRn%iy0f%PK0f%PKsj%YHsj%yHqi%tBqi%kBOlZCMkdFMk_HMkOJemCLJnCLhqCLOsIJtuNH9wmE9wmB9wozTurxDt$wqr" /><g i="32" c="288" p="#^NCUoNCMs1FMsNGMsNGxqNGtphGPoOFboVEboTDboNCUo^ILUi%tHgjSGUhpFUh$CUhSCQlkEOknGOkEIOkfKimSLQnSLbqSLUsVJwuXH9wcF9wRB9wGzTtuxBruxenuxojuz0htBGeoFGeXHGeBJKfeLPgILUi" /></glyphs></font><font id="90" name="RockwellBold Charset1 5ij5U371dJe"><glyphs><g i="0" c="256" p="%^AyrtAyqhNwqhNwSeoDSeoDqhBBqhBBrtoDrtoD$vNw$vNwrt" /><g i="1" c="257" p="%^vyrtvyqh7wqh7wSecCSe6JNr6JqhLGqhLGSe4OSe4OqhDLqhDLawFIaw3BXh3BrtrDrtrD$v7w$v7wrt" /><g i="2" c="258" p="#^Sw$v%Swtp%rztp%rz6rQAFt5DFteEFt$EZsNFhsNF9rNF5q8FDpwE9pECFonA2ofzvn8yYmtxVlOwRkOwqjOwdhgyVfKzBeXBBe0EBepFSf%pFNe%XHNe%XHjk%pFjk%pFZieEdh6CdhRAdhbANhyzkiyz5jyzIjSz9kbABkKAQkhB2l6DwlaF3mcGAmeH5n_HjoLIxpLI5rLIlt9HPuAFgwhDgwVAgwrzDu%rz$v" /><g i="3" c="259" p="#^Ayrt%Ayqh%uwqh%uwSe%GCSekFSeHGff3IDf_I0hWJoiWJekWJJliJVmHI5oNHGoUGepNFrpHEDpuCDp%BBDp%BBrt%LDrt%LD$v%uw$v%uwrt^BB7n%MC7n8F7n$FumTGRlTGbkTG7jpGtiYFOhgFChBEqhUCqh%BBqh" /><g i="4" c="260" p="#^Byrt%Byqh%jwqh%jwSe%jDSesFSeMGcf4IyfXIGgPJOhPJsjPJYmnGNn%dJrt%mLrt%mL$v%jH$v%yDdo%CBdo%CBrt%KDrt%KD$v%jw$v%jwrt^CBFl%jDFlJEFlkFulXFjlkGPkJGikJGpjJGHikGbiXFHhlFzhMEqhuDqh%CBqh" /><g i="5" c="261" p="%^QyrtQyqhGwqhGwSe0LSe0LmksImksIqhRBqhRBVl1IVl1ItoRBtoRBrtsIrtsIpq0Lpq0L$vGw$vGwrt" /><g i="6" c="262" p="%^ByrtByqhBwqhBwSeICSeWGfqaLSenRSenRqhmPqhmPrtnRrtnR$vBK$vBKrtAMrtAMqhfHawpGaw9Bqh9Brt_Crt_C$vBw$vBwrt" /><g i="7" c="263" p="#^dxlndxDjFz6h5CBe0GBeZJBesM6hYODjYOonYOerpMLtTJgwZFgwuDgwoB4vizTtfyLrdxDpdxln^sAlnsA0q_BOrwDAt0GAtuIAt5KLrILWpILnnILPk3K3jrIih_FihyDih$B1jsALksAln" /><g i="8" c="264" p="%^iCaw2yqh$vqh$vSeTCSeTCqhSAqhMDPryGqhzEqhzESeJMSeJMqhLKqhxNProQqhpOqhpOSe2VSe2Vqh0TqhROaw5MawxI_i$Eaw" /><g i="9" c="265" p="%^yyrtyyqhFwqhFwSexDSexDqhzBqhzBJljIJljIqhmGqhmGSeeNSeeNqhkLqhkLrteNrteN$vmG$vmGrtjIrtjIhozBhozBrtxDrtxD$vFw$vFwrt" /><g i="10" c="266" p="%^HH8q1C8qRArtTCrtTC$vPv$vPvrtUxrtmCdhmAdhmASenJSenJdhhHdhTLrtPNrtPN$vNG$vNGrtSIrt^$GInREdhZEdhKCIn" /><g i="11" c="267" p="#^nLKo%YN4qbN6tUKHuCIgwEFgwLBgwozKt2xcr2xun2xqjpz0hNBBeAFBeXIBeQKmg%QKSe%uNSe%uNHk%VKHk9K_iJI8iiHhhIFhhkDhhOB$ihAIkhAmnhA4qWBOrzDwtOFwtDHwt8JksFK8rnLKo" /><g i="12" c="268" p="%^LwDorEDorEorLwor" /><g i="13" c="269" p="%^NBrtNBqhRyqhRyGlhwGlhwSehKSehKGlJHGlJHqhOEqhOErtZGrtZG$vFz$vFzrt" /><g i="14" c="270" p="%^vyrtvyqhlwqhlwSeFDSeFDqhCBqhCBrtcGrtcGMn2JMn2J$vlw$vlwrt" /><g i="15" c="271" p="#^Byrt%Byqh%ywqh%ywSe%kCSeEESeRF9f2HrfZHDgVIPhVIojVICklIClNHCmRGTm9IbnYImoLJxpLJ0rLJjs9JntzIruAH1vCGCvvFPvoE$vsC$v%yw$v%ywrt^CBOl%WCOlCEOlfFelUFGkUFyjUFqhWCqh%CBqh^CBrt%iCrt7ErtWEgtJF5tdGtsJGRrJGRqJGYpeGmpMFLo$EyofEloNClo%CBlo" /><g i="16" c="272" p="#^$w$v%$wyr%xzyr%xz9sCzQsjAjt0BNt_BNt1DNtBDstaE6taEzsaE3sIDOrfDxrFBhrczSq6yUp0xWo0xnn0xQlcyOkozLjjBLj0DLjVDok%VDWj%qGWj%qGfo%VDfo%VDmn4D7msB7mDA7m7AsmEzNmEzinEzOn4A0oxAdofCuoZDLoTE7pOFvppGoq1Hgr1Hqs1H9uIFavnEbwjCbwmAbwxzlv%xz$v" /><g i="17" c="273" p="#^3Kvt%3K$v%hF$v%hFFuCDbwIBbwsAbwDzEvPy4vyyduhylthyvr%hyqm%Ewqm%EwWj%3BWj%3Bdr3Bus7BTsbBgtsBvtKBKt9CKtEDKthFls%hFqm%eDqm%eDWj%3IWj%3Ivt" /><g i="18" c="274" p="#^iyIy%iyqm%lwqm%lwWj%4BWj%4BJlpCLjXELjuHLj9JvlQKenQK$pQKWs0JDucHkwUEkwuCkw4Byu%4BIy%kDIy%kDcB%awcB%awIy^1B6q1B1rpBRrNBFsACdtnDMtsEMtZFMtYGLsYHKrYHWpYHboWGdnUFfmAEfmaDfm5Cjn1Bmo1B6q" /><g i="19" c="275" p="#^XwYpXwanMyolCACjfDCjSFCjKHnlCJ7nCJYpCJNsKHzuTFkwfDkwAAkwLyxuXwKsXwYp^RzXpRzzrQABsQBCtfDCtJECtIFAsIGxrIGXpIGloHFknHEimfDimMBimOAlnRznoRzXp" /><g i="20" c="276" p="%^TyvtTyqmywqmywWjbBWjbBwm#5BDlPBVk#yCbkmDZj#aELjwFLjnGLjnGxmFFxm#_DxmbDSm#pCan1C0o#FBSoFBarFBvtbEvtbE$vyw$vywvt" /><g i="21" c="277" p="#^Kwqm%KwWj%fyWj%fygi%1B2g%1BWj%aDWj%aDqm%1Bqm%1BOr1B6t7BlteBztGBztgCztaDjt%aDPv4CbwaBbw1AbwjzGvCy9vqypufyFtfyWr%fyqm" /><g i="22" c="278" p="#^EJNq%VzNq5A0s4BYs3CTtCDTtSFTthHYr%EJ_szINuXGzvkFkwzDkwOAkwRyCuUwTsUwYpUwbnOyplIACjbDCjCFCjAHmlzJ5nEJNq^OGEozGNnBFSmEEXlfDXl_BXl4BMmbABn_zEo" /><g i="23" c="279" p="#^MLvt%ML$v%VG$v%VGhuzFbw$CbwEAbwSyAu4xYs4x$p4x2nVyklKACj2DCjwFCjVGsl%VGmh%HEmh%HESe%HJSe%HJvt^0AXp0AMr0BKs1CHtqDHtNEHtRFGsVGFrVGQpVG1oQF7nLEcmpDcmZBcm_Ahn0Amo0AXp" /><g i="24" c="280" p="#" /><g i="25" c="281" p="#^Fw$v%Fwvt%Jyvt%Jymh%Fwmh%FwSe%sBSe%sBylNCCjoFCjUHCjAJklhL2nhLPphLvsDJluZHbwnFbwWDbwJCzvxBWusBfu%sB$v^wB_pwBHryCHsADGtWEGtlGGtnHDspIzrpIMppI2onH6nmGam_EamEDamAC9nwB7owB_p" /><g i="26" c="282" p="%^WByvcyqmcwqmcwWjrCWjrCqm1BqmhDlsuFqmZDqmZDWj4KWj4KqmgIqmxCcBhycBhyKyCAKy" /><g i="27" c="283" p="#^cJvt%cJ$v%KE$v%KEAupDbwhBbwCzbwmy5v7x_t7xgs7xyqryqpLzioBBioiDiovEfp%vElovExnlE6ncEHmEDmm5D0mbC0mCA0mQznn%hxImPyCjxCCjTDCjTE_jUFlkoGYkVGyl4HemfHWmfHmo%fHvt^vEzraDyqLByqVAyqlA1rOzvrOzfsOz_sgAttLAXtCBXtaDXtvEHs" /><g i="28" c="284" p="%^HyvtHymhCwmhCwSetBSetBephFhmnDhmnDWjgKWjgKhmkIhm9EGp4IvtgKvtgK$vWG$vtB9qtBvttDvttD$vCw$vCwvt" /><g i="29" c="285" p="#^Byvt%Bymh%vwmh%vwSe%nBSe%nBel3DCj$ECjdGCj1H8kRHFk7IvlqIkmqITn%qIvt%oKvt%oK$v%EF$v%EFFoEFnnzF_muFBmaFnmTE8mrE8meD8mnBwn%nBvt%oDvt%oD$v%vw$v%vwvt" /><g i="30" c="286" p="%^yyvtyymhuwmhuwSekBSekBvt5Dvt5D$vuw$vuwvt" /><g i="31" c="287" p="%^Dy$vDyAs3CAs3C$v^OG$vOGAseKAseK$v^ZO$vZOAspSAspS$v" /></glyphs></font><font id="a0" name="Open SansBoldItalic Charset1 61nQIqPEbpc"><glyphs><g i="0" c="384" p="#^gIzjJHllTGdn%VC$v%Ny$v%ey9e%KB9e%PBUnPBwoMB$pJBtrEB7s%JB7s_BlrxCWp4DvogD8o%MH9e%3L9e%kLOokLAqdL7s%hL7sPLyqUMSn%WQ9e%HU9e%OM$v%zI$v%hIbn%gIvlgIqkkIzj" /><g i="1" c="385" p="#^WH$v%fE$v%WF1o6Gbn6GAm6G4lOE4lGD4lLCtmRBSnjBlq%7A$v%rw$v%tA$c%8E$cGDcfpDog9DAhmC9k%tC9kdDdj8EFi4F5iiG5i_H5iVI6jQJ7kQJ0mQJVmyJdo" /><g i="2" c="386" p="#^uELkqDLktCKlwBImdB6o%MB6oFD6oIEwnMFWmMFVlMFLkuELk^uCfwWzfwvyTu5xut5xZq5xro5ymm6zgkQAbjyC5iJE5iTG5i4I5jiJ4kiJPliJ6ofHmpdFBqrBBq%PABq%OARq%OA5rOAcspBRs1CutdDuthEut8Fft0G0tfHqs%fHbv8FfwuCfw" /><g i="3" c="387" p="#^gG5i_G5irHdi%EGMl5GzlqFzl$DzlWCHmSBOnpBUp%7A$v%rw$v%lzmi%8Cmi%UBTk%ZBTkLD5igG5i" /><g i="4" c="388" p="#^YAfw9zfw7yXu5xDt5xgr5xToZxImRywkgAjjHB5iqD5iqE5i8FyiTF_iwG5k%CG5k%EGLjIGpiXGmh%TH$c%yL$c%vH$v%JE$v%UEeu%REeuZDiv0DNv4CfwYAfw^uChtiDht2ErsPEBrhFcqLFPoLFdnLFfmhFGlQE4l1E4lcD4lsCYlIBPmfBgoPAIpPA7rPAhtuCht" /><g i="5" c="389" p="#^bzmi%SCmi%bBkq$A9r$AMr$AhtjChtrDhtlEUrgFuqOF$n%_Gmi%GKmi%MH$v%ZE$v%dFtt%8FttnDfwPAfw7zfweyfvlxeulxkslxbrExJp" /><g i="6" c="390" p="#^aCfwJzfwpyXu5xCt5xdr5xEo$xwmVyokyAfjcC5ijE5iyG5ikIZi%cHMlyGulVFhlgF4ltE4lqD4lACSlLBEmhB$nPAmpPAWqPA5smBHsWBhtVChtRDhtDE$sqFIsgGgs%gGhvqEfwaCfw" /><g i="7" c="391" p="#" /><g i="8" c="392" p="#^Wz8fWz4evAyd4B$c8C$c1D$cvDndZDLdZDseZDrfqD2gUCFgMBFgWzFgWz8f^7A$v%rw$v%lzmi%0Dmi" /><g i="9" c="393" p="#^6Gur6GNtBE0v4DfwmAfw3zfw4y3w6xTvgwsv%gwqsbyxtaAxt8BxtMB8toCKsoC2soCwrXB6ruBHqlA2qSydpgyooHxznHxsmHxnk1zejoA5iUC5ilF5ikHfj%6GTlpESkZCSkgCSkQBalpBtlpB$lpBtmOBQmbCbngDKnMEworFqp6Gjq6Gur" /><g i="10" c="394" p="%^dHmipLmilFvoQI$vJE$vuCTq0BLr7A$vrw$vtA$c8E$clCtl#fCZl_BVmEB8oHB8o" /><g i="11" c="395" p="#^WH$v%fE$v%WF1o6Gbn6GAm6G4lOE4lGD4lLCtmRBSnjBlq%7A$v%rw$v%lzmi%8Cmi%UBTk%ZBTkLD5iiG5i_H5iVI6jQJ7kQJ0mQJVmyJdo" /><g i="12" c="396" p="#^YAfw9zfw7yXu5xDt5xir5xToZxHmRyvkgAijIB5iqD5iBE5isFCijG6jOG5k%UG5k%BHmi%qKmi%vH$v%JE$v%UEdu%REducDfwYAfw^oChteDht0EtsOEErgFfqLFRoLF4nLFcmhFElPE4l1E4lcD4lsCYlIBPmfBgoPAIpPA7rPAcsdBLsDBhtoCht" /><g i="13" c="397" p="#^WF5iIH5iKIpjMJJkMJ2nMJmpXIxr6IItFG_ucFfwrDfw4Bfw3Agu%Zzgu%gz$v%rw$v%tA$c%8E$c%oDwgUCKimCak%tCakqDZicExi_E5iWF5i^rE4lBD4lRCTl5CFmCB4o7Bup7B7r7B6szBIs0ChtPChtEDhtnErs7FBrAF7q1GEo1Gdn1G4lrE4l" /><g i="14" c="398" p="#^rv$Bau$BjtHB%jtKy3u$yJu$ytv$y1wvyBw0yQwWw%jz9l%kx9l%Hxnj%Wzmi%8AkhEA$eQBXd1DTc9FTcMGTc2Itd%3HcgdGQfrFQfLEQfjEjgUDOgLDBh%BDmi%gGmi%GF9l%_C9l%mAtxqz$Brv$B^_I8f_I4ezJyd8K$ccL$c5M$czMnd1NLd1Nse1NrfuM2gYLFgQKFg_IFg_I8f^bJ$v%vF$v%pImi%4Mmi" /><g i="15" c="399" p="#^gCht3DhtfERs%fEBvUCfw$AfwazfwiyuvrxIurx5trxusBxKr%$y9l%8x9l%vxmj%Uzki%vBsf%SDsf%gDmi%JGmi%6G9l%GC9l%fBJrbB5sbBnsbBhtgCht" /><g i="16" c="400" p="%^CG$vEw$vpA9eoK9eKJfhuDfhGCalvIalQHgo$Bgo0BTsgHTs" /><g i="17" c="401" p="#^tKni%2Kok%WHVk6Ixl6Ilm6IJoDG6q9FvrDCvrVBvrpBnroAIroAksoAKsLAWs7B6tRBct%wDqtvFGtpGsukHdvkHHwkHgzqFDAwD$BZz$Brx$B0w4BBu9ABuyyBuixrvpwgwwv2yWu8xlu8xit8xrsGxPrdyartzBqGy$piyepWxtoWxmnWxXkszwj_A5iDD5iEE5iEFni^sA4w9zewuyLwQxhxQx5yQxvzbAvz1CvzZCXyWDoyWDoxWDWwwDFw7DpwRBew^uDqkyCqkZBmloBhmoBHnoB9pEC9pzD9p7EdoIEhnIERlIEqkuDqk" /><g i="18" c="403" p="%^Ew$vpA9e8E9e0BTsgHTsCG$v" /><g i="19" c="404" p="#^PFvnPF5l4E5l9D5lqCRlIBAmfB1oOAtpOA$qOAgtDCgtxDgtgEws$ELrpFqqPF4pPFvn^wJvnwJ4qFI4sOH3uaG9vyEfwjCfwXzfwwyPu5xnt5x_q5xooZxmmRykkuAdj7C5ilE5iJG5i6IxjwJZkwJvn" /><g i="20" c="405" p="#^iG5iZI5ivJTk%zJTkoKxjwLPiFM5iXN5iBP5itQ7jlR9klR0mlRXm3Rdo%rP$v%ML$v%sN1oENbnENAmEN4lsM4lkL4lpKrmvJOnZIjq%OH$v%7E$v%OF1o_Fbn_FAm_F4lOE4lGD4lLCtmRBSnjBlq%7A$v%rw$v%lzmi%8Cmi%UBTk%ZBTkLD5iiG5i" /><g i="21" c="406" p="#^rv$Bau$BjtHB%jtKy3u$yJu$ytv$y1wvyBw0yQwWw%jz9l%kx9l%Hxnj%Wzmi%8AkhEA$eQBXd1DTc9FTcMGTc2Itd%3HcgdGQfrFQfLEQfjEjgUDOgLDBh%BDmi%gGmi%GF9l%_C9l%mAtxqz$Brv$B" /><g i="22" c="407" p="#^exmi%RAmi%wBGoHB9qHBfs%MBfs0CDriCOqBCYp5DWo%gGmi%gKmi%ZBXxOz$B3w$BZu$BguMB%guQy5v$yHv$yJw$yuxpygyQxVyBw%ez$v" /><g i="23" c="408" p="#^yBjsdCrqGCBp%iGmi%eKmi%SC$v%Vy$v%exmi%RAmi%oBvptB7rtBjs" /><g i="24" c="409" p="#^az4q%lz7pzzSneAYmVA2mlC3lSD1kgEwjGE_iGEliGEUg2DUgrCUgLB5h3Bhhhz6i%aypfZAUdBDUdMFUd0HYegI0ggIXhgIYiWHMjAHAkWGglgGYlBE3nPDBnqDZn1DkoNCLoxCapjC4q^0yAu0yttHyQsmzaswAaslBasRBEslC5tlCXtlC$uGBGv$AkwWzkw0zkwwySv0yov0yAu" /><g i="25" c="410" p="#^WF5iIH5iKIpjMJJkMJ3nMJppWIzr5IJtEG_ubFfwrDfwqCfwHBOvYAlvlAfu%eAfu5AbwJzRx%Ry$B%9v$B%lzmi%8Cmi%XBqk%1CqkKD5iWF5i^rE4lBD4lQCVl3CJmBB5o7Btp7B7r7B6szBIs0ChtPChtEDhtnErs7FBrAF7q1GEo1Gdn1G4lrE4l" /><g i="26" c="411" p="%^7A$vrw$vtA$c8E$c" /><g i="27" c="412" p="#^MAfwHzfwSyGv1y4vzxZt5xSs5xir5xToZxHmRyvkgAijIB5iqD5itE5ihFyi5G$iOG5k%UG5k%BHmi%qKmi%fG$B%AC$B8DkzsDTxNDqwuEau%nEauwDjvECNvNBfwMAfw^wChtiDht4EqsSEzriFdqLFSoLFdnLFfmhFGlQE4l1E4lcD4lsCYlIBPmfBgoPAIpPA7rPAcsfBLsIBhtwCht" /><g i="28" c="413" p="#^tC4m%qD4m0F4mVFnlOGGkOGfjOGfidGLhEFfhnEfh%uDfh^PB9p%mA$v%Ew$v%pA9e%OE9eHH9e8JpfBKEgBK2jBKZkAJmmzILnFGqo%RJ$v%OF$v%gD9p" /><g i="29" c="414" p="#^iwAuiwttYwQsCxasNyasDzas7AEsDA5tDAXtDA$uYzGvhzkwbykwixkwOwTviwpviwAu" /><g i="30" c="415" p="#^rGvlHFGnXEop%5C$v%7y$v%wxmi%YAmi%$Aoo%YAqq%SAws%VAws_Ags4B0sbBLrIBlqeCXogCUo%5Fmi%5Jmi%5JUo5JDqZIws%2Jws%oJxrhK$oyKoo%dNmi%ZQmi%vK$v%tG$v%oGEpoGLnwGvl" /><g i="31" c="418" p="#^XCgk%RC_j5Edh1G9e%OI9eCHWgqGgk^vxgk%ox_jFydhBA9e%lD9eeCLgZAgk" /><g i="32" c="419" p="#^iwAuiwttYwQsCxasNyasDzas7AEsDA5tDAXtDA$uYzGvhzkwbykwixkwOwTviwpviwAu^8DAu8DttODQssEasDFastGasZGEstH5ttHXttH$uOGGv7Gkw1Fkw8EkwEDTv8Dpv8DAu^$JAu$JttFKQsjLasuMaskNasQNEskO5tkOXtkO$uFNGv_MkwULkw$KkwvKTv$Jpv$JAu" /><g i="33" c="420" p="#^rv$Bau$BjtHB%jtKy3u$yJu$ytv$y1wvyBw0yQwWw%jz9l%kx9l%Hxnj%Wzmi%8AkhEA$eQBXd1DTc9FTcMGTc2Itd%3HcgdGQfrFQfLEQfjEjgUDOgLDBh%BDmi%qImi%EIkh8J$ekKXdwLTcGNTcgPTcxQtd%APcgKOQfXNQfeNQfPMjgpMOgeMBh%5Mmi%MOmi%aO9l%vL9l%TItxXH$BXD$BGC$BPBHB%PBKyzC$ydD$yTE$yjFWw%QH9l%_C9l%mAtxqz$Brv$B" /><g i="34" c="421" p="#^MA4q%Qx4q%Kz9e%UD9e^iwAuiwttYwQsCxasNyasDzas7AEsDA5tDAXtDA$uYzGvhzkwbykwixkwOwTviwpviwAu" /><g i="35" c="422" p="#^8D9e%fDqe_Bbh2Agk%hxgknyLhGz9e^BI9e%HIqerHbhuFgk%LCgk1DCjjDViBDci7F9e" /></glyphs></font></bwFonts>