<?xml version="1.0" encoding="utf-8"?><bwFrame xmlns:xsi="http://www.w3.org/2001/XMLSchema-instance" xmlns:xsd="http://www.w3.org/2001/XMLSchema" default_layout="npxnsnfns1111110101" textdirection="ltr" device="false" fontscale="100" kbshortcuts="false" skip_nav_enabled="true" outputtype="undefined"><layouts><layout name="npnxsnfns1111110101" font="Open Sans" controllayout="npnxsnfns1111110101" colorscheme="npxnsnfns1111110101" string_table="npxnsnfns1111110101" /><layout name="pxnsnfns1111110101" font="Open Sans" controllayout="pxnsnfns1111110101" colorscheme="npxnsnfns1111110101" string_table="npxnsnfns1111110101" /><layout name="npxnsnfns1111110101" font="Open Sans" controllayout="npxnsnfns1111110101" colorscheme="npxnsnfns1111110101" string_table="npxnsnfns1111110101" /><layout name="npnxnsnfns1111110101" font="Open Sans" controllayout="npnxnsnfns1111110101" colorscheme="npxnsnfns1111110101" string_table="npxnsnfns1111110101" /><layout name="pxnsnfns1111110100" font="Open Sans" controllayout="pxnsnfns1111110100" colorscheme="npxnsnfns1111110101" string_table="npxnsnfns1111110101" /><layout name="pnxnsnfns1111110101" font="Open Sans" controllayout="pnxnsnfns1111110101" colorscheme="npxnsnfns1111110101" string_table="npxnsnfns1111110101" /><layout name="pxnsnfns0001100101" font="Open Sans" controllayout="pxnsnfns0001100101" colorscheme="npxnsnfns1111110101" string_table="npxnsnfns1111110101" /></layouts><control_options><optiongroups><optiongroup name="sidebaroptions"><options><option name="title_enabled" value="true"><options><option name="title_text" value="Case Studies Integrating Nature's Value into Marine Planning" /></options></option><option name="logo_enabled" value="false"><options><option name="logo_url" /></options></option><option name="sidebar_enabled" value="true"><options><option name="sidebarpos" value="left" /></options></option><optionlist name="tabs"><listitems><listitem name="resources" value="true" group="linkright" /><listitem name="outline" value="true" group="sidebar" /><listitem name="glossary" value="true" group="sidebar" /><listitem name="transcript" value="false" group="sidebar" /></listitems></optionlist><option name="time_enabled" value="false"><options><option name="time_format" value="" /></options></option><option name="video_enabled" value="false"><options><option name="height" value="135" /></options></option></options></optiongroup><optiongroup name="menuoptions"><options><option name="flow" value="free" /><option name="wraplistitems" value="false" /><option name="tooltips" value="true" /><option name="autocollapse" value="true" /><option name="autonumber" value="false" /><option name="enableresultsicons" value="true" /></options></optiongroup><optiongroup name="controls"><options><option name="volume" value="true" /><option name="seekbar" value="true"><options><option name="readonly" value="false" /></options></option><option name="search" value="false" /><option name="pauseplay" value="true" /><option name="replay" value="true" /></options></optiongroup><optiongroup name="bottombaroptions"><options><option name="bottombar_enabled" value="true" /></options></optiongroup></optiongroups></control_options><control_layouts><control_layout name="npnxsnfns1111110101"><control name="volume" enabled="true" /><control name="seekbar" enabled="true" /><control name="replay" enabled="true" /><control name="pauseplay" enabled="true" /><control name="logo" enabled="true" /><control name="previous" enabled="false" /><control name="next" enabled="false" /><control name="submit" enabled="true" /><control name="finish" enabled="false" /><control name="submitall" enabled="false" /><control name="resources" enabled="true" /><control name="glossary" enabled="true" /><control name="transcript" enabled="false" /><control name="outline" enabled="true"><controls><control name="search" enabled="false" /></controls></control><control name="close_btn" enabled="true" /></control_layout><control_layout name="pxnsnfns1111110101"><control name="volume" enabled="true" /><control name="seekbar" enabled="true" /><control name="replay" enabled="true" /><control name="pauseplay" enabled="true" /><control name="logo" enabled="true" /><control name="previous" enabled="true" /><control name="next" enabled="true" /><control name="submit" enabled="false" /><control name="finish" enabled="false" /><control name="submitall" enabled="false" /><control name="resources" enabled="true" /><control name="glossary" enabled="true" /><control name="transcript" enabled="false" /><control name="outline" enabled="true"><controls><control name="search" enabled="false" /></controls></control><control name="close_btn" enabled="true" /></control_layout><control_layout name="npxnsnfns1111110101"><control name="volume" enabled="true" /><control name="seekbar" enabled="true" /><control name="replay" enabled="true" /><control name="pauseplay" enabled="true" /><control name="logo" enabled="true" /><control name="previous" enabled="false" /><control name="next" enabled="true" /><control name="submit" enabled="false" /><control name="finish" enabled="false" /><control name="submitall" enabled="false" /><control name="resources" enabled="true" /><control name="glossary" enabled="true" /><control name="transcript" enabled="false" /><control name="outline" enabled="true"><controls><control name="search" enabled="false" /></controls></control><control name="close_btn" enabled="true" /></control_layout><control_layout name="npnxnsnfns1111110101"><control name="volume" enabled="true" /><control name="seekbar" enabled="true" /><control name="replay" enabled="true" /><control name="pauseplay" enabled="true" /><control name="logo" enabled="true" /><control name="previous" enabled="false" /><control name="next" enabled="false" /><control name="submit" enabled="false" /><control name="finish" enabled="false" /><control name="submitall" enabled="false" /><control name="resources" enabled="true" /><control name="glossary" enabled="true" /><control name="transcript" enabled="false" /><control name="outline" enabled="true"><controls><control name="search" enabled="false" /></controls></control><control name="close_btn" enabled="true" /></control_layout><control_layout name="pxnsnfns1111110100"><control name="volume" enabled="true" /><control name="seekbar" enabled="true" /><control name="replay" enabled="true" /><control name="pauseplay" enabled="true" /><control name="logo" enabled="true" /><control name="previous" enabled="true" /><control name="next" enabled="true" /><control name="submit" enabled="false" /><control name="finish" enabled="false" /><control name="submitall" enabled="false" /><control name="resources" enabled="true" /><control name="glossary" enabled="true" /><control name="transcript" enabled="false" /><control name="outline" enabled="true"><controls><control name="search" enabled="false" /></controls></control><control name="close_btn" enabled="false" /></control_layout><control_layout name="pnxnsnfns1111110101"><control name="volume" enabled="true" /><control name="seekbar" enabled="true" /><control name="replay" enabled="true" /><control name="pauseplay" enabled="true" /><control name="logo" enabled="true" /><control name="previous" enabled="true" /><control name="next" enabled="false" /><control name="submit" enabled="false" /><control name="finish" enabled="false" /><control name="submitall" enabled="false" /><control name="resources" enabled="true" /><control name="glossary" enabled="true" /><control name="transcript" enabled="false" /><control name="outline" enabled="true"><controls><control name="search" enabled="false" /></controls></control><control name="close_btn" enabled="true" /></control_layout><control_layout name="pxnsnfns0001100101"><control name="volume" enabled="true" /><control name="seekbar" enabled="false" /><control name="replay" enabled="false" /><control name="pauseplay" enabled="false" /><control name="logo" enabled="true" /><control name="previous" enabled="true" /><control name="next" enabled="true" /><control name="submit" enabled="false" /><control name="finish" enabled="false" /><control name="submitall" enabled="false" /><control name="resources" enabled="true" /><control name="glossary" enabled="false" /><control name="transcript" enabled="false" /><control name="outline" enabled="true"><controls><control name="search" enabled="false" /></controls></control><control name="close_btn" enabled="true" /></control_layout></control_layouts><colorschemes><colorscheme name="npxnsnfns1111110101"><color_group name="infopanel"><group_colors><color name="link_text"><fill type="linear" rotation="90"><colors><color rgb="0x7C2280" alpha="100" stop="0" /></colors></fill></color><color name="link_hover"><fill type="linear" rotation="90"><colors><color rgb="0x0000EE" alpha="100" stop="0" /></colors></fill></color><color name="bg"><fill type="linear" rotation="90"><colors><color rgb="0xFFFFFF" alpha="100" stop="0" /></colors></fill></color><color name="shadow"><fill type="linear" rotation="90"><colors><color rgb="0xB8B8B8" alpha="100" stop="0" /></colors></fill></color><color name="name_text"><fill type="linear" rotation="90"><colors><color rgb="0x444444" alpha="100" stop="0" /></colors></fill></color><color name="title_text"><fill type="linear" rotation="90"><colors><color rgb="0x999999" alpha="100" stop="0" /></colors></fill></color></group_colors></color_group><color_group name="infopanelpopup"><group_colors><color name="link_text"><fill type="linear" rotation="90"><colors><color rgb="0x7C2280" alpha="100" stop="0" /></colors></fill></color><color name="link_hover"><fill type="linear" rotation="90"><colors><color rgb="0x0000EE" alpha="100" stop="0" /></colors></fill></color><color name="bg"><fill type="linear" rotation="90"><colors><color rgb="0xE9E9E9" alpha="100" stop="0" /><color rgb="0xCFCFCF" alpha="100" stop="255" /></colors></fill></color><color name="shadow"><fill type="linear" rotation="90"><colors><color rgb="0xB8B8B8" alpha="100" stop="0" /></colors></fill></color><color name="name_text"><fill type="linear" rotation="90"><colors><color rgb="0x444444" alpha="100" stop="0" /></colors></fill></color><color name="bio_text"><fill type="linear" rotation="90"><colors><color rgb="0x999999" alpha="100" stop="0" /></colors></fill></color></group_colors></color_group><color_group name="timer"><group_colors><color name="duration"><fill type="linear" rotation="90"><colors><color rgb="0x00D7FF" alpha="100" stop="0" /><color rgb="0x00ABFF" alpha="100" stop="255" /></colors></fill></color><color name="elapsed"><fill type="linear" rotation="90"><colors><color rgb="0xFEE347" alpha="100" stop="0" /><color rgb="0xFCCC2A" alpha="100" stop="255" /></colors></fill></color><color name="stroke"><fill type="linear" rotation="90"><colors><color rgb="0xC7C7C7" alpha="100" stop="0" /></colors></fill></color><color name="inner"><fill type="linear" rotation="90"><colors><color rgb="0xFFFFFF" alpha="100" stop="0" /></colors></fill></color><color name="text"><fill type="linear" rotation="90"><colors><color rgb="0x555555" alpha="100" stop="0" /></colors></fill></color></group_colors></color_group><color_group name="window"><group_colors><color name="text"><fill type="linear" rotation="90"><colors><color rgb="0x555555" alpha="100" stop="0" /></colors></fill></color><color name="inner"><fill type="linear" rotation="90"><colors><color rgb="0xEAEAEA" alpha="100" stop="0" /><color rgb="0xCFCFCF" alpha="100" stop="255" /></colors></fill></color><color name="bg"><fill type="linear" rotation="90"><colors><color rgb="0xF3F3F3" alpha="100" stop="0" /></colors></fill></color><color name="diva"><fill type="linear" rotation="90"><colors><color rgb="0xF7F7F7" alpha="100" stop="0" /></colors></fill></color><color name="divb"><fill type="linear" rotation="90"><colors><color rgb="0xD3D3D3" alpha="100" stop="0" /></colors></fill></color><color name="shadow"><fill type="linear" rotation="90"><colors><color rgb="0x000000" alpha="20" stop="0" /></colors></fill></color></group_colors></color_group><color_group name="editor"><group_colors><color name="slide_text"><fill type="linear" rotation="90"><colors><color rgb="0x555555" alpha="100" stop="0" /></colors></fill></color><color name="html_text"><fill type="linear" rotation="90"><colors><color rgb="0x444444" alpha="100" stop="0" /></colors></fill></color><color name="btn_bg"><fill type="linear" rotation="90"><colors><color rgb="0xF5F5F5" alpha="100" stop="0" /><color rgb="0xC7C7C7" alpha="100" stop="255" /></colors></fill></color><color name="btn_hover"><fill type="linear" rotation="90"><colors><color rgb="0xF2F2F2" alpha="100" stop="0" /><color rgb="0xAFAFAF" alpha="100" stop="255" /></colors></fill></color><color name="btn_down"><fill type="linear" rotation="90"><colors><color rgb="0xC7C7C7" alpha="100" stop="0" /><color rgb="0xF4F4F4" alpha="100" stop="255" /></colors></fill></color><color name="btn_border"><fill type="linear" rotation="90"><colors><color rgb="0xB1B1B1" alpha="100" stop="0" /></colors></fill></color><color name="btn_text"><fill type="linear" rotation="90"><colors><color rgb="0x353535" alpha="100" stop="0" /></colors></fill></color><color name="btn_text_shadow"><fill type="linear" rotation="90"><colors><color rgb="0xF0F0F0" alpha="100" stop="0" /></colors></fill></color></group_colors></color_group><color_group name="listitem"><group_colors><color name="selected_text"><fill type="linear" rotation="90"><colors><color rgb="0x353535" alpha="100" stop="0" /></colors></fill></color><color name="lines"><fill type="linear" rotation="90"><colors><color rgb="0xDFDFDF" alpha="100" stop="0" /></colors></fill></color><color name="hover"><fill type="linear" rotation="90"><colors><color rgb="0xE6E6E6" alpha="100" stop="0" /></colors></fill></color><color name="viewed"><fill type="linear" rotation="90"><colors><color rgb="0x909090" alpha="100" stop="0" /></colors></fill></color><color name="text"><fill type="linear" rotation="90"><colors><color rgb="0x353535" alpha="100" stop="0" /></colors></fill></color><color name="selected"><fill type="linear" rotation="90"><colors><color rgb="0xC0E2F1" alpha="100" stop="0" /></colors></fill></color><color name="shadow"><fill type="linear" rotation="90"><colors><color rgb="0xFFFFFF" alpha="100" stop="0" /></colors></fill></color></group_colors></color_group><color_group name="base"><group_colors><color name="text"><fill type="linear" rotation="90"><colors><color rgb="0x555555" alpha="100" stop="0" /></colors></fill></color><color name="diva"><fill type="linear" rotation="90"><colors><color rgb="0xD3D3D3" alpha="100" stop="0" /></colors></fill></color><color name="divb"><fill type="linear" rotation="90"><colors><color rgb="0xF7F7F7" alpha="100" stop="0" /></colors></fill></color><color name="bg"><fill type="linear" rotation="90"><colors><color rgb="0xE9E9E9" alpha="100" stop="0" /><color rgb="0xCFCFCF" alpha="100" stop="255" /></colors></fill></color><color name="border"><fill type="linear" rotation="90"><colors><color rgb="0xE9E9E9" alpha="100" stop="0" /><color rgb="0xF3F3F3" alpha="100" stop="255" /></colors></fill></color><color name="menu_shade"><fill type="linear" rotation="90"><colors><color rgb="0xDBDBDB" alpha="100" stop="0" /><color rgb="0xC3C3C3" alpha="100" stop="255" /></colors></fill></color><color name="slide_bg"><fill type="linear" rotation="90"><colors><color rgb="0xE9E9E9" alpha="100" stop="0" /><color rgb="0xCFCFCF" alpha="100" stop="255" /></colors></fill></color></group_colors></color_group><color_group name="button"><group_colors><color name="btn_bg"><fill type="linear" rotation="90"><colors><color rgb="0xF5F5F5" alpha="100" stop="0" /><color rgb="0xC7C7C7" alpha="100" stop="255" /></colors></fill></color><color name="btn_hover"><fill type="linear" rotation="90"><colors><color rgb="0xF2F2F2" alpha="100" stop="0" /><color rgb="0xAFAFAF" alpha="100" stop="255" /></colors></fill></color><color name="btn_down"><fill type="linear" rotation="90"><colors><color rgb="0xC7C7C7" alpha="100" stop="0" /><color rgb="0xF4F4F4" alpha="100" stop="255" /></colors></fill></color><color name="btn_border"><fill type="linear" rotation="90"><colors><color rgb="0xB1B1B1" alpha="100" stop="0" /></colors></fill></color><color name="btn_text"><fill type="linear" rotation="90"><colors><color rgb="0x353535" alpha="100" stop="0" /></colors></fill></color><color name="btn_text_shadow"><fill type="linear" rotation="90"><colors><color rgb="0xF0F0F0" alpha="100" stop="0" /></colors></fill></color><color name="btn_icon_color"><fill type="linear" rotation="90"><colors><color rgb="0x353535" alpha="100" stop="0" /></colors></fill></color><color name="btn_glow"><fill type="linear" rotation="90"><colors><color rgb="0xCFCFCF" alpha="100" stop="0" /></colors></fill></color></group_colors></color_group><color_group name="checkbox"><group_colors><color name="border"><fill type="linear" rotation="90"><colors><color rgb="0xB8B8B8" alpha="100" stop="0" /></colors></fill></color><color name="bg"><fill type="linear" rotation="90"><colors><color rgb="0xFFFFFF" alpha="100" stop="0" /></colors></fill></color><color name="check"><fill type="linear" rotation="90"><colors><color rgb="0x33CC00" alpha="100" stop="0" /></colors></fill></color><color name="text"><fill type="linear" rotation="90"><colors><color rgb="0x444444" alpha="100" stop="0" /></colors></fill></color><color name="hover"><fill type="linear" rotation="90"><colors><color rgb="0x6BF8FF" alpha="100" stop="0" /></colors></fill></color></group_colors></color_group><color_group name="logo"><group_colors><color name="bg"><fill type="linear" rotation="90"><colors><color rgb="0xFFFFFF" alpha="100" stop="0" /></colors></fill></color><color name="shadow"><fill type="linear" rotation="90"><colors><color rgb="0xB8B8B8" alpha="100" stop="0" /></colors></fill></color></group_colors></color_group><color_group name="menu"><group_colors><color name="bg"><fill type="linear" rotation="90"><colors><color rgb="0xF3F3F3" alpha="100" stop="0" /></colors></fill></color><color name="shadow"><fill type="linear" rotation="90"><colors><color rgb="0xB8B8B8" alpha="100" stop="0" /></colors></fill></color></group_colors></color_group><color_group name="scrollarea"><group_colors><color name="bg"><fill type="linear" rotation="0"><colors><color rgb="0xDEDEDE" alpha="100" stop="0" /><color rgb="0xE8E8E8" alpha="100" stop="128" /></colors></fill></color><color name="border"><fill type="linear" rotation="90"><colors><color rgb="0xF6F6F6" alpha="100" stop="0" /><color rgb="0xF3F3F3" alpha="100" stop="255" /></colors></fill></color><color name="button_bg"><fill type="linear" rotation="90"><colors><color rgb="0xC4C4C4" alpha="100" stop="0" /><color rgb="0xB2B2B2" alpha="100" stop="255" /></colors></fill></color><color name="button_inner"><fill type="linear" rotation="90"><colors><color rgb="0xCBCBCB" alpha="100" stop="0" /><color rgb="0xBABABA" alpha="100" stop="255" /></colors></fill></color><color name="button_border"><fill type="linear" rotation="90"><colors><color rgb="0xB8B8B8" alpha="100" stop="0" /></colors></fill></color><color name="icons"><fill type="linear" rotation="90"><colors><color rgb="0x555555" alpha="100" stop="0" /></colors></fill></color><color name="shadow"><fill type="linear" rotation="90"><colors><color rgb="0xD9D9D9" alpha="100" stop="0" /></colors></fill></color><color name="detaila"><fill type="linear" rotation="90"><colors><color rgb="0xA7A7A7" alpha="100" stop="0" /></colors></fill></color><color name="detailb"><fill type="linear" rotation="90"><colors><color rgb="0xCFCFCF" alpha="100" stop="0" /></colors></fill></color></group_colors></color_group><color_group name="searchinput"><group_colors><color name="bg"><fill type="linear" rotation="90"><colors><color rgb="0xDFDFDF" alpha="100" stop="0" /></colors></fill></color><color name="border"><fill type="linear" rotation="90"><colors><color rgb="0xADADAD" alpha="100" stop="0" /><color rgb="0xFAFAFA" alpha="100" stop="255" /></colors></fill></color><color name="icon"><fill type="linear" rotation="90"><colors><color rgb="0x8A8A8A" alpha="100" stop="0" /></colors></fill></color><color name="button_hover"><fill type="linear" rotation="90"><colors><color rgb="0xF5F5F5" alpha="100" stop="0" /><color rgb="0xC7C7C7" alpha="100" stop="255" /></colors></fill></color><color name="hover_glow"><fill type="linear" rotation="90"><colors><color rgb="0x6BF8FF" alpha="100" stop="0" /></colors></fill></color><color name="search_text"><fill type="linear" rotation="90"><colors><color rgb="0x8A8A8A" alpha="100" stop="0" /></colors></fill></color><color name="bg_active"><fill type="linear" rotation="90"><colors><color rgb="0xFAFAFA" alpha="100" stop="0" /></colors></fill></color><color name="text_active"><fill type="linear" rotation="90"><colors><color rgb="0x333333" alpha="100" stop="0" /></colors></fill></color></group_colors></color_group><color_group name="seekcontrol"><group_colors><color name="bg"><fill type="linear" rotation="90"><colors><color rgb="0xF5F5F5" alpha="100" stop="0" /><color rgb="0xC7C7C7" alpha="100" stop="255" /></colors></fill></color><color name="border"><fill type="linear" rotation="90"><colors><color rgb="0xB1B1B1" alpha="100" stop="0" /></colors></fill></color><color name="seek_border"><fill type="linear" rotation="90"><colors><color rgb="0xB8B8B8" alpha="100" stop="0" /><color rgb="0xEEEEEE" alpha="100" stop="255" /></colors></fill></color><color name="seek_bg"><fill type="linear" rotation="90"><colors><color rgb="0xE7E7E7" alpha="100" stop="0" /></colors></fill></color><color name="seek_position"><fill type="linear" rotation="90"><colors><color rgb="0xFFFFFF" alpha="100" stop="0" /></colors></fill></color><color name="btn_icon_color"><fill type="linear" rotation="90"><colors><color rgb="0x2D2D2D" alpha="100" stop="0" /></colors></fill></color><color name="btn_icon_hover"><fill type="linear" rotation="90"><colors><color rgb="0x555555" alpha="100" stop="0" /></colors></fill></color><color name="btn_icon_shadow"><fill type="linear" rotation="90"><colors><color rgb="0xF0F0F0" alpha="100" stop="0" /></colors></fill></color></group_colors></color_group><color_group name="tabs"><group_colors><color name="bg"><fill type="linear" rotation="90"><colors><color rgb="0xF3F3F3" alpha="100" stop="0" /></colors></fill></color><color name="text"><fill type="linear" rotation="90"><colors><color rgb="0x555555" alpha="100" stop="0" /></colors></fill></color><color name="selected"><fill type="linear" rotation="90"><colors><color rgb="0x333333" alpha="100" stop="0" /></colors></fill></color><color name="hover"><fill type="linear" rotation="90"><colors><color rgb="0x333333" alpha="100" stop="0" /></colors></fill></color><color name="shadow"><fill type="linear" rotation="90"><colors><color rgb="0xF0F0F0" alpha="100" stop="0" /></colors></fill></color></group_colors></color_group><color_group name="transcript"><group_colors><color name="div"><fill type="linear" rotation="90"><colors><color rgb="0xE1E1E1" alpha="100" stop="0" /></colors></fill></color><color name="heading_text"><fill type="linear" rotation="90"><colors><color rgb="0x444444" alpha="100" stop="0" /></colors></fill></color></group_colors></color_group><color_group name="outline"><group_colors><color name="diva"><fill type="linear" rotation="90"><colors><color rgb="0xC6C6C6" alpha="100" stop="0" /></colors></fill></color><color name="divb"><fill type="linear" rotation="90"><colors><color rgb="0xF9F9F9" alpha="100" stop="0" /></colors></fill></color><color name="divc"><fill type="linear" rotation="90"><colors><color rgb="0xE1E1E1" alpha="100" stop="0" /></colors></fill></color><color name="search_text"><fill type="linear" rotation="90"><colors><color rgb="0x444444" alpha="100" stop="0" /></colors></fill></color><color name="search_hover"><fill type="linear" rotation="90"><colors><color rgb="0x0000EE" alpha="100" stop="0" /></colors></fill></color></group_colors></color_group><color_group name="resource"><group_colors><color name="separator"><fill type="linear" rotation="90"><colors><color rgb="0xE0E0E0" alpha="100" stop="0" /></colors></fill></color></group_colors></color_group><color_group name="glossary"><group_colors><color name="selected_text"><fill type="linear" rotation="90"><colors><color rgb="0x353535" alpha="100" stop="0" /></colors></fill></color><color name="selected"><fill type="linear" rotation="90"><colors><color rgb="0xC0E2F1" alpha="100" stop="0" /></colors></fill></color><color name="text"><fill type="linear" rotation="90"><colors><color rgb="0x353535" alpha="100" stop="0" /></colors></fill></color><color name="hover"><fill type="linear" rotation="90"><colors><color rgb="0xE6E6E6" alpha="100" stop="0" /></colors></fill></color><color name="diva"><fill type="linear" rotation="90"><colors><color rgb="0xE2E2E2" alpha="100" stop="0" /></colors></fill></color><color name="divb"><fill type="linear" rotation="90"><colors><color rgb="0xE2E2E2" alpha="100" stop="0" /></colors></fill></color><color name="divc"><fill type="linear" rotation="90"><colors><color rgb="0xFAFAFA" alpha="100" stop="0" /></colors></fill></color><color name="bg"><fill type="linear" rotation="90"><colors><color rgb="0xE7E7E7" alpha="100" stop="0" /></colors></fill></color><color name="heading_text"><fill type="linear" rotation="90"><colors><color rgb="0x444444" alpha="100" stop="0" /></colors></fill></color></group_colors></color_group><color_group name="volume"><group_colors><color name="thumb_border"><fill type="linear" rotation="90"><colors><color rgb="0xA5A5A5" alpha="100" stop="0" /></colors></fill></color><color name="thumb_inner"><fill type="linear" rotation="90"><colors><color rgb="0xD4D4D4" alpha="100" stop="0" /></colors></fill></color><color name="thumb_bg"><fill type="linear" rotation="90"><colors><color rgb="0xC8C8C8" alpha="100" stop="0" /></colors></fill></color><color name="slider_border"><fill type="linear" rotation="90"><colors><color rgb="0xF2F2F2" alpha="100" stop="0" /></colors></fill></color><color name="slider_bg"><fill type="linear" rotation="90"><colors><color rgb="0xBCBCBC" alpha="100" stop="0" /><color rgb="0xBCBCBC" alpha="100" stop="128" /><color rgb="0xC3C3C3" alpha="100" stop="255" /></colors></fill></color></group_colors></color_group></colorscheme></colorschemes><string_tables><string_table name="npxnsnfns1111110101"><string id="prev">PREV</string><string id="next">NEXT</string><string id="submit">SUBMIT</string><string id="outline">Menu</string><string id="resources">Resources</string><string id="glossary">Glossary</string><string id="transcript">Notes</string><string id="clear">Clear and return to Menu</string><string id="search_results">Search Results</string><string id="filter">Filter</string><string id="slide_text_chk">Slide Text</string><string id="transcript_chk">Notes</string><string id="search_in">Search in:</string><string id="check_include">Check to include</string><string id="search">Search...</string><string id="terms">Terms</string><string id="definition">Definition</string><string id="finish">FINISH</string><string id="acc_finish">finish</string><string id="acc_definition">definition</string><string id="acc_resources">resources</string><string id="acc_search_input">search</string><string id="acc_pause">pause</string><string id="acc_play">play</string><string id="acc_replay">replay</string><string id="acc_submit">submit</string><string id="acc_next">next</string><string id="acc_previous">previous</string><string id="acc_volume">volume</string><string id="acc_skipnavigation">Skip Navigation. Hit enter to return to the slide.</string><string id="submitall">SUBMIT ALL</string><string id="acc_submitall">submit all</string><string id="question_list">Question List</string><string id="more_info">More info</string><string id="send_an_email">Send an email</string><string id="close">Close</string><string id="bio">Bio</string><string id="exit">Exit</string></string_table></string_tables><sounds enabled="false" /><nav_data><outline><links><slidelink slideid="_player.6rljnBapftw" displaytext="INTRODUCTION" expand="true" type="slide"><links><slidelink slideid="_player.6rljnBapftw.5VGYtXY0z8t" displaytext="Marine Planning Overview" expand="true" type="slide" /><slidelink slideid="_player.6rljnBapftw.5pF3TfUYdzD" displaytext="Intro to Nat Cap and ES" expand="true" type="slide" /><slidelink slideid="_player.6rljnBapftw.5Zqxy5X6KfL" displaytext="Ocean Conflicts &amp; Degradation" expand="true" type="slide" /><slidelink slideid="_player.6rljnBapftw.5woQKlSvfxH" displaytext="The Natural Capital Project" expand="true" type="slide" /><slidelink slideid="_player.6rljnBapftw.6hWqwF97biY" displaytext="About the Course" expand="true" type="slide" /><slidelink slideid="_player.6rljnBapftw.5s8kzjEXRzD" displaytext="Course Schedule" expand="true" type="slide" /><slidelink slideid="_player.6rljnBapftw.5nqD6MN8En0" displaytext="Marine Planning Use-Cases" expand="true" type="slide" /><slidelink slideid="_player.6rljnBapftw.6kXdr0O4Ewd" displaytext="Intro to Belize (BZ) Case Study" expand="true" type="slide" /><slidelink slideid="_player.6rljnBapftw.5nuvPJigpVn" displaytext="Belize Coastal Mgm't Scenarios" expand="true" type="slide" /></links></slidelink><slidelink slideid="_player.5eLZWOSW3is" displaytext="MOD 1: GETTING STARTED" expand="true" type="slide"><links><slidelink slideid="_player.5eLZWOSW3is.6EWuB925gYq" displaytext="Approach Overview" expand="true" type="slide" /><slidelink slideid="_player.5eLZWOSW3is.6ZHjGAqUjRH" displaytext="STEP #1: SCOPE" expand="true" type="slide" /><slidelink slideid="_player.5eLZWOSW3is.5neRKicpIOJ" displaytext="  The Need for ICZM Plan in BZ" expand="true" type="slide" /><slidelink slideid="_player.5eLZWOSW3is.6WTGU6RI1QC" displaytext="  Meet the BZ Team" expand="true" type="slide" /><slidelink slideid="_player.5eLZWOSW3is.6k0z81xmWAX" displaytext="- OA 1A: Scope Your Project" expand="true" type="slide" /><slidelink slideid="_player.5eLZWOSW3is.6DliPcR5wMD" displaytext="  Stakeholder Involvement" expand="true" type="slide" /><slidelink slideid="_player.5eLZWOSW3is.5UzGWOkXcE0" displaytext="  Coastal Advisory Committees" expand="true" type="slide" /><slidelink slideid="_player.5eLZWOSW3is.6c1R7w9bBVj" displaytext="- OA 1B: Identify Stakeholders" expand="true" type="slide" /><slidelink slideid="_player.5eLZWOSW3is.6cd2cCGZPLU" displaytext="STEP #2: COMPILE DATA" expand="true" type="slide" /><slidelink slideid="_player.5eLZWOSW3is.62tcMIFuNJC" displaytext="  Knowledge Management" expand="true" type="slide" /><slidelink slideid="_player.5eLZWOSW3is.6DrE5a6g19n" displaytext="* Spotlight: M. Canto, CZMAI" expand="true" type="slide" /><slidelink slideid="_player.5eLZWOSW3is.5u1c0Qwwq04" displaytext="- OA 2A: Map Marine Ecosystems" expand="true" type="slide" /><slidelink slideid="_player.5eLZWOSW3is.64DgJNM5CDH" displaytext="  Identify &amp; Fill Data Gaps" expand="true" type="slide" /><slidelink slideid="_player.5eLZWOSW3is.5W0bx7Y59Aw" displaytext="- OA 2B: InVEST Overlap Analysis" expand="true" type="slide" /><slidelink slideid="_player.5eLZWOSW3is.6ep76FpWD1S" displaytext="Summary: Module 1" expand="true" type="slide" /><slidelink slideid="_player.5eLZWOSW3is.6EgBVvCnkG3" displaytext="Evaluation Survey" expand="true" type="slide" /></links></slidelink><slidelink slideid="_player.6RzvRWWMUPZ" displaytext="MOD 2: ASSESSING OUTCOMES" expand="true" type="slide"><links><slidelink slideid="_player.6RzvRWWMUPZ.6p0qqbqbqm9" displaytext="STEP #3: BUILD SCENARIOS" expand="true" type="slide" /><slidelink slideid="_player.6RzvRWWMUPZ.5XngxgSN7gY" displaytext="  Why Use Scenarios?" expand="true" type="slide" /><slidelink slideid="_player.6RzvRWWMUPZ.6BLou3EMPkp" displaytext="  Stakeholders &amp; Scenarios" expand="true" type="slide" /><slidelink slideid="_player.6RzvRWWMUPZ.6WJUoHhqbnl" displaytext="  Developing Scenarios in BZ" expand="true" type="slide" /><slidelink slideid="_player.6RzvRWWMUPZ.61i8JOFKQ8a" displaytext="  Habitat Risk Assessment" expand="true" type="slide" /><slidelink slideid="_player.6RzvRWWMUPZ.5vpZLPrp2oQ" displaytext="- OA 3A: HRA Theory" expand="true" type="slide" /><slidelink slideid="_player.6RzvRWWMUPZ.5zkBaC63CFu" displaytext="* Spotlight: S. Rosado, CZMAI" expand="true" type="slide" /><slidelink slideid="_player.6RzvRWWMUPZ.5VKCa1ADil2" displaytext="- OA 3B: HRA in Practice" expand="true" type="slide" /><slidelink slideid="_player.6RzvRWWMUPZ.5e7ze0fSZFD" displaytext="STEP #4: ANALYZE" expand="true" type="slide" /><slidelink slideid="_player.6RzvRWWMUPZ.6jnsRjwwhKz" displaytext="  ES Analysis Tools" expand="true" type="slide" /><slidelink slideid="_player.6RzvRWWMUPZ.6j4vNH8V53F" displaytext="  Mapping Ocean Benefits" expand="true" type="slide" /><slidelink slideid="_player.6RzvRWWMUPZ.6EI65wIDQgj" displaytext="- OA 4A: Spiny Lobster Fishery" expand="true" type="slide" /><slidelink slideid="_player.6RzvRWWMUPZ.6Wh8MCzLQ2p" displaytext="  Informed Management" expand="true" type="slide" /><slidelink slideid="_player.6RzvRWWMUPZ.6GUijgw4IGA" displaytext="- OA 4B: Tourism &amp; Recreation" expand="true" type="slide" /><slidelink slideid="_player.6RzvRWWMUPZ.5v4333invlN" displaytext="Summary: Module 2" expand="true" type="slide" /><slidelink slideid="_player.6RzvRWWMUPZ.6U3O9hVj5mE" displaytext="Evaluation Survey" expand="true" type="slide" /></links></slidelink><slidelink slideid="_player.6qiLU8wmmQl" displaytext="MOD 3: OUTREACH" expand="true" type="slide"><links><slidelink slideid="_player.6qiLU8wmmQl.640CZBnEWOs" displaytext="STEP #5: SYNTHESIZE" expand="true" type="slide" /><slidelink slideid="_player.6qiLU8wmmQl.6GuL77KzZwO" displaytext="  Post-Process Model Results" expand="true" type="slide" /><slidelink slideid="_player.6qiLU8wmmQl.5fz0V3IWuGA" displaytext="- OA 5A: HRA Dashboard" expand="true" type="slide" /><slidelink slideid="_player.6qiLU8wmmQl.6ghfIBBjWe3" displaytext="  Iteration in BZ" expand="true" type="slide" /><slidelink slideid="_player.6qiLU8wmmQl.6qWD3LAtpqr" displaytext="* Spotlight: C. Clarke-S, CZMAI" expand="true" type="slide" /><slidelink slideid="_player.6qiLU8wmmQl.5Ux39LOdygP" displaytext="  Synthesis Products" expand="true" type="slide" /><slidelink slideid="_player.6qiLU8wmmQl.6TL6WBq4lUW" displaytext="- OA 5B: BZ Map Viewers" expand="true" type="slide" /><slidelink slideid="_player.6qiLU8wmmQl.6NuLo416DCc" displaytext="STEP #6: REACH OUT" expand="true" type="slide" /><slidelink slideid="_player.6qiLU8wmmQl.5c7vnaKsdji" displaytext="- OA 6A: Coastal Resilience" expand="true" type="slide" /><slidelink slideid="_player.6qiLU8wmmQl.6HINQJFOuPB" displaytext="  Communication Tips" expand="true" type="slide" /><slidelink slideid="_player.6qiLU8wmmQl.5bEN8YdjDQf" displaytext="- OA 6B: BZ Plan Outreach" expand="true" type="slide" /><slidelink slideid="_player.6qiLU8wmmQl.6PbjPB66Cre" displaytext="  Conclusion: BZ Case Study" expand="true" type="slide" /><slidelink slideid="_player.6qiLU8wmmQl.5oJ9o2XZG8l" displaytext="  Final Thoughts" expand="true" type="slide" /><slidelink slideid="_player.6qiLU8wmmQl.5lEXSoNLDcs" displaytext="Evaluation Survey" expand="true" type="slide" /></links></slidelink></links></outline></nav_data><resource_data description="&lt;p align='left'&gt;&lt;font face='Open Sans' size='11' color='#444444'&gt;Useful Web Links&lt;/font&gt;&lt;/p&gt;"><resources><resource url="http://msp.naturalcapitalproject.org/" image="story_content/url.png" title="Marine Planning Concierge" /><resource url="http://msp.naturalcapitalproject.org/course/OA_1B_IdentifyStakeholdersChecklist.pdf" image="story_content/url.png" title="OA 1B: Stakeholder Engagement Cklist" /><resource url="http://www.qgis.org" image="story_content/url.png" title="QGIS Software Download" /><resource url="http://msp.naturalcapitalproject.org/course/LessonsLearned_CompileData.pdf" image="story_content/url.png" title="Lessons Learned: 'Compile Data'" /><resource url="http://www.naturalcapitalproject.org/invest/" image="story_content/url.png" title="InVEST Software Download" /><resource url="http://msp.naturalcapitalproject.org/course/OA_2B.zip" image="story_content/url.png" title="OA 2B: BZ Human Use Layers" /><resource url="https://docs.google.com/forms/d/1csfA2Ac5Bwmy9Jvk0K0oLP1ZCtRVfOGCwIsQ2RZJH5M/viewform" image="story_content/url.png" title="Mod 1 Evaluation Survey" /><resource url="http://msp.naturalcapitalproject.org/msp_concierge_master/tradeoff.html" image="story_content/url.png" title="Tradeoff! Game" /><resource url="https://meam.openchannels.org/news/meam/tundi’s-take-most-underrepresented-voice-msp" image="story_content/url.png" title="Tundi's Take: Underrepresented Voice" /><resource url="http://msp.naturalcapitalproject.org/course/OA_3B.zip" image="story_content/url.png" title="OA 3B: HRA in Practice" /><resource url="http://msp.naturalcapitalproject.org/course/OA_4A.zip" image="story_content/url.png" title="OA 4A: BZ Spiny Lobster Model" /><resource url="http://msp.naturalcapitalproject.org/course/OA_4B.zip" image="story_content/url.png" title="OA 4B: Tourism &amp; Recreation" /><resource url="https://docs.google.com/forms/d/11B-xb9y-PMK7-b8Z0O-5cd6o6FzSIkjuF0zLGTw5upc/viewform" image="story_content/url.png" title="Mod 2 Evaluation Survey" /><resource url="http://msp.naturalcapitalproject.org/course/OA_5A.zip" image="story_content/url.png" title="OA 5A: HRA Dashboard" /><resource url="http://msp.naturalcapitalproject.org/msp_concierge_master/docs/Arkema_etal_2015_PNAS.pdf" image="story_content/url.png" title="Arkema et al. 2015 PNAS" /><resource url="http://msp.naturalcapitalproject.org/course/OA_5B_Belize_ICZM_MapViewer.pdf" image="story_content/url.png" title="OA 5B: Belize Online Map Viewers" /><resource url="http://msp.naturalcapitalproject.org/course/OA_6A_CoastalResilience_USA.pdf" image="story_content/url.png" title="OA 6A: Coastal Resilience" /><resource url="https://docs.google.com/forms/d/1dSFCj7KKrrxdRvKHHuxrTxzejmUe_slgHHts4gwniKs/viewform" image="story_content/url.png" title="Mod 3 Evaluation Survey and Request Statement of Accomplishment" /><resource url="http://msp.naturalcapitalproject.org/course/ValuingNatureCourse_NatCapDuke.zip" image="story_content/url.png" title="Download Courseware" /><resource url="http://msp.naturalcapitalproject.org/course/videos" image="story_content/url.png" title="Download OA Videos" /></resources></resource_data><transcript_data /><glossary_data><terms><term title="Beneficiary">&lt;html&gt;&lt;p align='left'&gt;&lt;textformat leading='0' tabstops='[0, 48, 96]' blockindent='0' indent='0'&gt;&lt;font face='Open Sans' size='12.5pt' color='#444444'&gt;A person or group that receives benefits, profits, or advantages.  In the context of ecosystem services, these are the benefits flowing from ecosystems to people.&lt;/font&gt;&lt;/textformat&gt;&lt;/p&gt;&lt;/html&gt;</term><term title="Biophysical metrics">&lt;html&gt;&lt;p align='left'&gt;&lt;textformat leading='0' tabstops='[0, 48, 96]' blockindent='0' indent='0'&gt;&lt;font face='Open Sans' size='12.5pt' color='#444444'&gt;Quantitative measurements of the physical properties of an ecosystem or ecosystem component&lt;/font&gt;&lt;/textformat&gt;&lt;/p&gt;&lt;/html&gt;</term><term title="BZ">&lt;html&gt;&lt;p align='left'&gt;&lt;textformat leading='0' tabstops='[0, 48, 96]' blockindent='0' indent='0'&gt;&lt;font face='Open Sans' size='12.5pt' color='#444444'&gt;Abbreviation for the coastal nation of Belize&lt;/font&gt;&lt;/textformat&gt;&lt;/p&gt;&lt;/html&gt;</term><term title="CZMAI">&lt;html&gt;&lt;p align='left'&gt;&lt;textformat leading='0' tabstops='[0, 48, 96]' blockindent='0' indent='0'&gt;&lt;font face='Open Sans' size='12.5pt' color='#444444'&gt;Acronym for the Belize Coastal Zone Management Authority and Institute&lt;/font&gt;&lt;/textformat&gt;&lt;/p&gt;&lt;/html&gt;</term><term title="Decision makers">&lt;html&gt;&lt;p align='left'&gt;&lt;textformat leading='0' tabstops='[0, 48, 96]' blockindent='0' indent='0'&gt;&lt;font face='Open Sans' size='12.5pt' color='#444444'&gt;Entities (individuals, agencies, organizations, etc.) who are positioned to determine and implement actions, initiatives, and policy, usually at a wide-reaching scale&lt;/font&gt;&lt;/textformat&gt;&lt;/p&gt;&lt;/html&gt;</term><term title="DST">&lt;html&gt;&lt;p align='left'&gt;&lt;textformat leading='0' tabstops='[0, 48, 96]' blockindent='0' indent='0'&gt;&lt;font face='Open Sans' size='12.5pt' color='#444444'&gt;Abbreviation for decision-support tool&lt;/font&gt;&lt;/textformat&gt;&lt;/p&gt;&lt;/html&gt;</term><term title="Ecological drivers">&lt;html&gt;&lt;p align='left'&gt;&lt;textformat leading='0' tabstops='[0, 48, 96]' blockindent='0' indent='0'&gt;&lt;font face='Open Sans' size='12.5pt' color='#444444'&gt;Biotic or abiotic elements or events in an environment that cause changes to that environment&lt;/font&gt;&lt;/textformat&gt;&lt;/p&gt;&lt;/html&gt;</term><term title="Ecosystem health">&lt;html&gt;&lt;p align='left'&gt;&lt;textformat leading='0' tabstops='[0, 48, 96]' blockindent='0' indent='0'&gt;&lt;font face='Open Sans' size='12.5pt' color='#444444'&gt;A measure of the state of a given ecosystem against the human expectations for its resilience, sustainability, and longevity&lt;/font&gt;&lt;/textformat&gt;&lt;/p&gt;&lt;/html&gt;</term><term title="Ecosystem services">&lt;html&gt;&lt;p align='left'&gt;&lt;textformat leading='0' tabstops='[0, 48, 96]' blockindent='0' indent='0'&gt;&lt;font face='Open Sans' size='12.5pt' color='#444444'&gt;If properly managed, ecosystems yield a flow of services that are vital to humanity, including the production of goods such as food and timber, life support processes such as providing clean and ample water, protection from storms and flooding, rec­reational opportunities such as beautiful places to visit, and the preservation of genetic diversity&lt;/font&gt;&lt;/textformat&gt;&lt;/p&gt;&lt;/html&gt;</term><term title="Environmental production function">&lt;html&gt;&lt;p align='left'&gt;&lt;textformat leading='0' tabstops='[0, 48, 96]' blockindent='0' indent='0'&gt;&lt;font face='Open Sans' size='12.5pt' color='#444444'&gt;Analog to the more traditional production functions from economics, in which inputs are combined using a given technology to create an output for consumption. Environmental production functions are used to describe how functioning ecosystems produce goods and services enjoyed by society&lt;/font&gt;&lt;/textformat&gt;&lt;/p&gt;&lt;/html&gt;</term><term title="ES">&lt;html&gt;&lt;p align='left'&gt;&lt;textformat leading='0' tabstops='[0, 48, 96]' blockindent='0' indent='0'&gt;&lt;font face='Open Sans' size='12.5pt' color='#444444'&gt;Abbreviation for ecosystem services&lt;/font&gt;&lt;/textformat&gt;&lt;/p&gt;&lt;/html&gt;</term><term title="Functional habitats">&lt;html&gt;&lt;p align='left'&gt;&lt;textformat leading='0' tabstops='[0, 48, 96]' blockindent='0' indent='0'&gt;&lt;font face='Open Sans' size='12.5pt' color='#444444'&gt;Healthy ecosystems that are capable of providing benefits to people&lt;/font&gt;&lt;/textformat&gt;&lt;/p&gt;&lt;/html&gt;</term><term title="GIS">&lt;html&gt;&lt;p align='left'&gt;&lt;textformat leading='0' tabstops='[0, 48, 96]' blockindent='0' indent='0'&gt;&lt;font face='Open Sans' size='12.5pt' color='#444444'&gt;Abbreviation for geographic information system &lt;/font&gt;&lt;/textformat&gt;&lt;/p&gt;&lt;/html&gt;</term><term title="Governance">&lt;html&gt;&lt;p align='left'&gt;&lt;textformat leading='0' tabstops='[0, 48, 96]' blockindent='0' indent='0'&gt;&lt;font face='Open Sans' size='12.5pt' color='#444444'&gt;Political, geographical, or distributed control over a socio-political and resource and systems management decisions&lt;/font&gt;&lt;/textformat&gt;&lt;/p&gt;&lt;/html&gt;</term><term title="Habitat risk assessment (HRA) model">&lt;html&gt;&lt;p align='left'&gt;&lt;textformat leading='0' tabstops='[0, 48, 96]' blockindent='0' indent='0'&gt;&lt;font face='Open Sans' size='12.5pt' color='#444444'&gt;Evaluates risks posed to coastal and marine habitats in terms of exposure to human activities and the habitat-specific consequences of that exposure for delivery of environmental services&lt;/font&gt;&lt;/textformat&gt;&lt;/p&gt;&lt;/html&gt;</term><term title="Human well-being">&lt;html&gt;&lt;p align='left'&gt;&lt;textformat leading='0' tabstops='[0, 48, 96]' blockindent='0' indent='0'&gt;&lt;font face='Open Sans' size='12.5pt' color='#444444'&gt;People’s condition and capacities allowing secure access to food, water, energy, and shelter of adequate quality to meet their needs, and ensure good health as well as social connections&lt;/font&gt;&lt;/textformat&gt;&lt;/p&gt;&lt;/html&gt;</term><term title="ICZM">&lt;html&gt;&lt;p align='left'&gt;&lt;textformat leading='0' tabstops='[0, 48, 96]' blockindent='0' indent='0'&gt;&lt;font face='Open Sans' size='12.5pt' color='#444444'&gt;Abbreviation for integrated coastal zone management&lt;/font&gt;&lt;/textformat&gt;&lt;/p&gt;&lt;/html&gt;</term><term title="InVEST">&lt;html&gt;&lt;p align='left'&gt;&lt;textformat leading='0' tabstops='[0, 48, 96]' blockindent='0' indent='0'&gt;&lt;font face='Open Sans' size='12.5pt' color='#444444'&gt;Acronym for the Integrated Valuation of Ecosystem Services &amp;amp; Tradeoffs suite of model developed by the Natural Capital Project&lt;/font&gt;&lt;/textformat&gt;&lt;/p&gt;&lt;/html&gt;</term><term title="Landscape">&lt;html&gt;&lt;p align='left'&gt;&lt;textformat leading='0' tabstops='[0, 48, 96]' blockindent='0' indent='0'&gt;&lt;font face='Open Sans' size='12.5pt' color='#444444'&gt;The biophysical features of a particular area of land&lt;/font&gt;&lt;/textformat&gt;&lt;/p&gt;&lt;/html&gt;</term><term title="NatCap">&lt;html&gt;&lt;p align='left'&gt;&lt;textformat leading='0' tabstops='[0, 48, 96]' blockindent='0' indent='0'&gt;&lt;font face='Open Sans' size='12.5pt' color='#444444'&gt;Abbreviation for the Natural Capital Project&lt;/font&gt;&lt;/textformat&gt;&lt;/p&gt;&lt;/html&gt;</term><term title="Natural capital">&lt;html&gt;&lt;p align='left'&gt;&lt;textformat leading='0' tabstops='[0, 48, 96]' blockindent='0' indent='0'&gt;&lt;font face='Open Sans' size='12.5pt' color='#444444'&gt;An extension of the traditional economic notion of capital, coined to represent the natural assets that economists, governments and corporations tend to leave off the balance sheets. It can be divided into non-renewable resources (e.g. fossil fuels), renewable resources (e.g. fish) and services (e.g. pollination)&lt;/font&gt;&lt;/textformat&gt;&lt;/p&gt;&lt;/html&gt;</term><term title="NGO">&lt;html&gt;&lt;p align='left'&gt;&lt;textformat leading='0' tabstops='[0, 48, 96]' blockindent='0' indent='0'&gt;&lt;font face='Open Sans' size='12.5pt' color='#444444'&gt;Non-governmental organization&lt;/font&gt;&lt;/textformat&gt;&lt;/p&gt;&lt;/html&gt;</term><term title="Seascape">&lt;html&gt;&lt;p align='left'&gt;&lt;textformat leading='0' tabstops='[0, 48, 96]' blockindent='0' indent='0'&gt;&lt;font face='Open Sans' size='12.5pt' color='#444444'&gt;The biophysical features of a particular marine area&lt;/font&gt;&lt;/textformat&gt;&lt;/p&gt;&lt;/html&gt;</term><term title="Social metrics">&lt;html&gt;&lt;p align='left'&gt;&lt;textformat leading='0' tabstops='[0, 48, 96]' blockindent='0' indent='0'&gt;&lt;font face='Open Sans' size='12.5pt' color='#444444'&gt;Measurements of the social and cultural diversity of a landscape or ecosystem&lt;/font&gt;&lt;/textformat&gt;&lt;/p&gt;&lt;/html&gt;</term><term title="Spatial planning">&lt;html&gt;&lt;p align='left'&gt;&lt;textformat leading='0' tabstops='[0, 48, 96]' blockindent='0' indent='0'&gt;&lt;font face='Open Sans' size='12.5pt' color='#444444'&gt;A public process involving stakeholders and beneficiaries to determine the usage and management of its ecosystem services&lt;/font&gt;&lt;/textformat&gt;&lt;/p&gt;&lt;/html&gt;</term><term title="Storylines">&lt;html&gt;&lt;p align='left'&gt;&lt;textformat leading='0' tabstops='[0, 48, 96]' blockindent='0' indent='0'&gt;&lt;font face='Open Sans' size='12.5pt' color='#444444'&gt;Qualitative, narrative accounts of the effects of climate change extrapolated from scientific papers, evidence, and models, and descriptions of the possible directions that societies can take to deal with those changes&lt;/font&gt;&lt;/textformat&gt;&lt;/p&gt;&lt;/html&gt;</term><term title="Synergies">&lt;html&gt;&lt;p align='left'&gt;&lt;textformat leading='0' tabstops='[0, 48, 96]' blockindent='0' indent='0'&gt;&lt;font face='Open Sans' size='12.5pt' color='#444444'&gt;Services that rise or fall together&lt;/font&gt;&lt;/textformat&gt;&lt;/p&gt;&lt;/html&gt;</term><term title="Trade-offs">&lt;html&gt;&lt;p align='left'&gt;&lt;textformat leading='0' tabstops='[0, 48, 96]' blockindent='0' indent='0'&gt;&lt;font face='Open Sans' size='12.5pt' color='#444444'&gt;Occur when prioritizing one service or group of services results in a loss of some other valuable service&lt;/font&gt;&lt;/textformat&gt;&lt;/p&gt;&lt;/html&gt;</term><term title="Valuation">&lt;html&gt;&lt;p align='left'&gt;&lt;textformat leading='0' tabstops='[0, 48, 96]' blockindent='0' indent='0'&gt;&lt;font face='Open Sans' size='12.5pt' color='#444444'&gt;Practice of measuring the economic values that people have for a good or service&lt;/font&gt;&lt;/textformat&gt;&lt;/p&gt;&lt;/html&gt;</term></terms></glossary_data></bwFrame>