<?xml version="1.0" encoding="UTF-8"?>
<metadata xml:lang="en"><Esri><CreaDate>20130726</CreaDate><CreaTime>14233700</CreaTime><ArcGISFormat>1.0</ArcGISFormat><SyncOnce>TRUE</SyncOnce><DataProperties><itemProps><itemLocation><linkage Sync="TRUE">file://\\GISANALYST-PC\L$\ICZMP_SECTION_MC\Zones_July262013\cons\dredg_cons</linkage><protocol Sync="TRUE">Local Area Network</protocol></itemLocation></itemProps><copyHistory><copy source="L:\ICZMP_SECTION_MC\ZonesStress_0802\cons\dredg_cons" dest="\\GISANALYST-PC\L$\ICZMP_SECTION_MC\Zones_July262013\cons\dredg_cons" date="20130726" time="14233700"></copy></copyHistory><lineage><Process ToolSource="C:\Program Files\ArcGIS\Desktop10.0\ArcToolbox\Toolboxes\Data Management Tools.tbx\CalculateField" Date="20130727" Time="005834">CalculateField dredg_cons Feature_Ty "Dredging" VB #</Process></lineage></DataProperties></Esri></metadata>
