HABITAT NAME,corals_1,,,
,,,,
HABITAT ONLY PROPERTIES,,,,
,Rating,DQ,Weight,E/C
recruitment rate,2,2,2,C
natural mortality rate,1,2,2,C
connectivity rate,2,2,2,C
recovery time,2,2,2,C
,,,,
HABITAT STRESSOR OVERLAP PROPERTIES,,,,
,,,,
corals_1/agrun_cons_7 OVERLAP,,,,
,Rating,DQ,Weight,E/C
frequency of disturbance,2,2,2,C
change in area rating,1,2,2,C
change in structure rating,1,2,2,C
temporal overlap rating,3,2,2,E
management effectiveness,2,2,2,E
intensity rating,2,2,2,E
,,,,
corals_1/aqua_cons_4 OVERLAP,,,,
,Rating,DQ,Weight,E/C
frequency of disturbance,2,2,2,C
change in area rating,1,2,2,C
change in structure rating,2,2,2,C
temporal overlap rating,2,2,2,E
management effectiveness,2,2,2,E
intensity rating,2,2,2,E
,,,,
corals_1/dev_cons_3 OVERLAP,,,,
,Rating,DQ,Weight,E/C
frequency of disturbance,2,2,2,C
change in area rating,1,2,2,C
change in structure rating,1,2,2,C
temporal overlap rating,3,2,2,E
management effectiveness,2,2,2,E
intensity rating,2,2,2,E
,,,,
corals_1/dredg_cons_6 OVERLAP,,,,
,Rating,DQ,Weight,E/C
frequency of disturbance,1,2,2,C
change in area rating,1,2,2,C
change in structure rating,2,2,2,C
temporal overlap rating,1,2,2,E
management effectiveness,2,2,2,E
intensity rating,2,2,2,E
,,,,
corals_1/fish_cons_1 OVERLAP,,,,
,Rating,DQ,Weight,E/C
frequency of disturbance,2,2,2,C
change in area rating,1,2,2,C
change in structure rating,1,2,2,C
temporal overlap rating,3,2,2,E
management effectiveness,2,2,2,E
intensity rating,1,2,2,E
,,,,
corals_1/oil_cons_8 OVERLAP,,,,
,Rating,DQ,Weight,E/C
frequency of disturbance,3,2,2,C
change in area rating,2,2,2,C
change in structure rating,2,2,2,C
temporal overlap rating,2,2,2,E
management effectiveness,2,2,2,E
intensity rating,2,2,2,E
,,,,
corals_1/rec_cons_5 OVERLAP,,,,
,Rating,DQ,Weight,E/C
frequency of disturbance,1,2,2,C
change in area rating,2,2,2,C
change in structure rating,1,2,2,C
temporal overlap rating,2,2,2,E
management effectiveness,2,2,2,E
intensity rating,2,2,2,E
,,,,
corals_1/trans_cons_2 OVERLAP,,,,
,Rating,DQ,Weight,E/C
frequency of disturbance,1,2,2,C
change in area rating,1,2,2,C
change in structure rating,1,2,2,C
temporal overlap rating,3,2,2,E
management effectiveness,2,2,2,E
intensity rating,2,2,2,E
