HABITAT NAME,seagrass_3,,,
,,,,
HABITAT ONLY PROPERTIES,,,,
,Rating,DQ,Weight,E/C
recruitment rate,1,2,2,C
natural mortality rate,2,2,2,C
connectivity rate,3,2,2,C
recovery time,1,2,2,C
,,,,
HABITAT STRESSOR OVERLAP PROPERTIES,,,,
,,,,
seagrass_3/agrun_cons_7 OVERLAP,,,,
,Rating,DQ,Weight,E/C
frequency of disturbance,2,2,2,C
change in area rating,1,2,2,C
change in structure rating,1,2,2,C
temporal overlap rating,3,2,2,E
management effectiveness,2,2,2,E
intensity rating,2,2,2,E
,,,,
seagrass_3/aqua_cons_4 OVERLAP,,,,
,Rating,DQ,Weight,E/C
frequency of disturbance,2,2,2,C
change in area rating,1,2,2,C
change in structure rating,1,2,2,C
temporal overlap rating,2,2,2,E
management effectiveness,2,2,2,E
intensity rating,2,2,2,E
,,,,
seagrass_3/dev_cons_3 OVERLAP,,,,
,Rating,DQ,Weight,E/C
frequency of disturbance,2,2,2,C
change in area rating,2,2,2,C
change in structure rating,2,2,2,C
temporal overlap rating,3,2,2,E
management effectiveness,2,2,2,E
intensity rating,2,2,2,E
,,,,
seagrass_3/dredg_cons_6 OVERLAP,,,,
,Rating,DQ,Weight,E/C
frequency of disturbance,2,2,2,C
change in area rating,3,2,2,C
change in structure rating,3,2,2,C
temporal overlap rating,2,2,2,E
management effectiveness,2,2,2,E
intensity rating,2,2,2,E
,,,,
seagrass_3/fish_cons_1 OVERLAP,,,,
,Rating,DQ,Weight,E/C
frequency of disturbance,2,2,2,C
change in area rating,1,2,2,C
change in structure rating,1,2,2,C
temporal overlap rating,1,1,2,E
management effectiveness,2,2,2,E
intensity rating,1,2,2,E
,,,,
seagrass_3/oil_cons_8 OVERLAP,,,,
,Rating,DQ,Weight,E/C
frequency of disturbance,3,2,2,C
change in area rating,2,2,2,C
change in structure rating,2,2,2,C
temporal overlap rating,1,2,2,E
management effectiveness,2,2,2,E
intensity rating,2,2,2,E
,,,,
seagrass_3/rec_cons_5 OVERLAP,,,,
,Rating,DQ,Weight,E/C
frequency of disturbance,1,2,2,C
change in area rating,2,2,2,C
change in structure rating,1,2,2,C
temporal overlap rating,1,2,2,E
management effectiveness,2,2,2,E
intensity rating,2,2,2,E
,,,,
seagrass_3/trans_cons_2 OVERLAP,,,,
,Rating,DQ,Weight,E/C
frequency of disturbance,1,2,2,C
change in area rating,2,2,2,C
change in structure rating,2,2,2,C
temporal overlap rating,3,2,2,E
management effectiveness,2,2,2,E
intensity rating,2,2,2,E
